question_id,2016,2017,2018,2019,2020,2021,2023,2025
accom1,1.0,1.0,1.0,1.0,1.0,1.0,1.0,1.0
accom10_1,1.0,0.0,0.0,0.0,0.0,0.0,0.0,0.0
accom10_2,1.0,0.0,0.0,0.0,0.0,0.0,0.0,0.0
accom10_3,1.0,0.0,0.0,0.0,0.0,0.0,0.0,0.0
accom10_4,1.0,0.0,0.0,0.0,0.0,0.0,0.0,0.0
accom10_5,1.0,0.0,0.0,0.0,0.0,0.0,0.0,0.0
accom10_6,1.0,0.0,0.0,0.0,0.0,0.0,0.0,0.0
accom11_1,1.0,1.0,1.0,1.0,1.0,1.0,1.0,1.0
accom11_2,1.0,1.0,1.0,1.0,1.0,1.0,1.0,1.0
accom11_3,1.0,1.0,1.0,1.0,1.0,1.0,1.0,1.0
accom11_4,1.0,1.0,1.0,1.0,1.0,1.0,1.0,1.0
accom11_5,1.0,1.0,1.0,1.0,1.0,1.0,1.0,1.0
accom11_6,1.0,1.0,1.0,1.0,1.0,1.0,1.0,1.0
accom11_7,1.0,1.0,1.0,1.0,1.0,1.0,1.0,1.0
accom11_8,1.0,1.0,1.0,1.0,1.0,1.0,1.0,1.0
accom12_1,1.0,1.0,1.0,1.0,1.0,1.0,1.0,1.0
accom12_2,1.0,1.0,1.0,1.0,1.0,1.0,1.0,1.0
accom12_3,1.0,1.0,1.0,1.0,1.0,1.0,1.0,1.0
accom12_4,1.0,1.0,1.0,1.0,1.0,1.0,1.0,1.0
accom12_5,1.0,1.0,1.0,1.0,1.0,1.0,1.0,1.0
accom12_6,1.0,1.0,1.0,1.0,1.0,1.0,1.0,1.0
accom12_7,1.0,1.0,1.0,1.0,1.0,1.0,1.0,1.0
accom12_8,1.0,1.0,1.0,1.0,1.0,1.0,1.0,1.0
accom13_1,1.0,1.0,1.0,1.0,1.0,1.0,1.0,0.0
accom13_2,1.0,1.0,1.0,1.0,1.0,1.0,1.0,0.0
accom14,1.0,1.0,1.0,1.0,1.0,1.0,1.0,0.0
accom15,1.0,1.0,1.0,1.0,1.0,1.0,1.0,0.0
accom16_1,0.0,0.0,1.0,0.0,0.0,0.0,0.0,1.0
accom16_10,0.0,0.0,1.0,0.0,0.0,0.0,0.0,0.0
accom16_11,0.0,0.0,1.0,0.0,0.0,0.0,0.0,1.0
accom16_12,0.0,0.0,1.0,0.0,0.0,0.0,0.0,0.0
accom16_13,0.0,0.0,1.0,0.0,0.0,0.0,0.0,0.0
accom16_14,0.0,0.0,1.0,0.0,0.0,0.0,0.0,0.0
accom16_15,0.0,0.0,1.0,0.0,0.0,0.0,0.0,1.0
accom16_15_other,0.0,0.0,1.0,0.0,0.0,0.0,0.0,1.0
accom16_2,0.0,0.0,1.0,0.0,0.0,0.0,0.0,1.0
accom16_3,0.0,0.0,1.0,0.0,0.0,0.0,0.0,0.0
accom16_4,0.0,0.0,1.0,0.0,0.0,0.0,0.0,1.0
accom16_5,0.0,0.0,1.0,0.0,0.0,0.0,0.0,0.0
accom16_6,0.0,0.0,1.0,0.0,0.0,0.0,0.0,0.0
accom16_7,0.0,0.0,1.0,0.0,0.0,0.0,0.0,0.0
accom16_8,0.0,0.0,1.0,0.0,0.0,0.0,0.0,0.0
accom16_9,0.0,0.0,1.0,0.0,0.0,0.0,0.0,1.0
accom17_1,0.0,0.0,1.0,0.0,0.0,0.0,0.0,1.0
accom17_10,0.0,0.0,1.0,0.0,0.0,0.0,0.0,0.0
accom17_11,0.0,0.0,1.0,0.0,0.0,0.0,0.0,0.0
accom17_12,0.0,0.0,1.0,0.0,0.0,0.0,0.0,0.0
accom17_13,0.0,0.0,1.0,0.0,0.0,0.0,0.0,0.0
accom17_14,0.0,0.0,1.0,0.0,0.0,0.0,0.0,0.0
accom17_15,0.0,0.0,1.0,0.0,0.0,0.0,0.0,0.0
accom17_16,0.0,0.0,1.0,0.0,0.0,0.0,0.0,1.0
accom17_16_other,0.0,0.0,1.0,0.0,0.0,0.0,0.0,1.0
accom17_2,0.0,0.0,1.0,0.0,0.0,0.0,0.0,1.0
accom17_3,0.0,0.0,1.0,0.0,0.0,0.0,0.0,0.0
accom17_4,0.0,0.0,1.0,0.0,0.0,0.0,0.0,1.0
accom17_5,0.0,0.0,1.0,0.0,0.0,0.0,0.0,0.0
accom17_6,0.0,0.0,1.0,0.0,0.0,0.0,0.0,0.0
accom17_7,0.0,0.0,1.0,0.0,0.0,0.0,0.0,0.0
accom17_8,0.0,0.0,1.0,0.0,0.0,0.0,0.0,0.0
accom17_9,0.0,0.0,1.0,0.0,0.0,0.0,0.0,1.0
accom18_1,0.0,0.0,1.0,0.0,0.0,0.0,0.0,1.0
accom18_10,0.0,0.0,1.0,0.0,0.0,0.0,0.0,0.0
accom18_11,0.0,0.0,1.0,0.0,0.0,0.0,0.0,1.0
accom18_12,0.0,0.0,1.0,0.0,0.0,0.0,0.0,0.0
accom18_13,0.0,0.0,1.0,0.0,0.0,0.0,0.0,0.0
accom18_14,0.0,0.0,1.0,0.0,0.0,0.0,0.0,0.0
accom18_15,0.0,0.0,1.0,0.0,0.0,0.0,0.0,0.0
accom18_16,0.0,0.0,1.0,0.0,0.0,0.0,0.0,1.0
accom18_16_other,0.0,0.0,1.0,0.0,0.0,0.0,0.0,1.0
accom18_2,0.0,0.0,1.0,0.0,0.0,0.0,0.0,1.0
accom18_3,0.0,0.0,1.0,0.0,0.0,0.0,0.0,0.0
accom18_4,0.0,0.0,1.0,0.0,0.0,0.0,0.0,1.0
accom18_5,0.0,0.0,1.0,0.0,0.0,0.0,0.0,0.0
accom18_6,0.0,0.0,1.0,0.0,0.0,0.0,0.0,0.0
accom18_7,0.0,0.0,1.0,0.0,0.0,0.0,0.0,0.0
accom18_8,0.0,0.0,1.0,0.0,0.0,0.0,0.0,0.0
accom18_9,0.0,0.0,1.0,0.0,0.0,0.0,0.0,1.0
accom19a,0.0,0.0,0.0,0.0,1.0,1.0,1.0,0.0
accom19b,0.0,0.0,0.0,0.0,1.0,1.0,1.0,0.0
accom1a,0.0,0.0,1.0,1.0,1.0,1.0,1.0,0.0
accom2,1.0,0.0,0.0,0.0,0.0,0.0,0.0,0.0
accom2a,0.0,1.0,1.0,1.0,1.0,1.0,1.0,0.0
accom2b,0.0,1.0,1.0,1.0,1.0,1.0,1.0,0.0
accom2c,0.0,1.0,1.0,1.0,1.0,1.0,1.0,0.0
accom2d,0.0,1.0,1.0,1.0,1.0,1.0,1.0,0.0
accom2e,0.0,0.0,1.0,1.0,1.0,1.0,1.0,0.0
accom3,1.0,1.0,1.0,1.0,1.0,1.0,1.0,1.0
accom4,1.0,0.0,0.0,0.0,0.0,0.0,0.0,0.0
accom4a1,0.0,1.0,1.0,1.0,1.0,1.0,1.0,0.0
accom4a2,0.0,1.0,1.0,1.0,0.0,0.0,0.0,0.0
accom4a3,0.0,0.0,0.0,0.0,1.0,1.0,1.0,1.0
accom5,1.0,1.0,1.0,1.0,1.0,1.0,1.0,1.0
accom6_1,1.0,1.0,1.0,1.0,1.0,1.0,1.0,1.0
accom6_2,1.0,1.0,1.0,1.0,1.0,1.0,1.0,1.0
accom6_3,1.0,1.0,1.0,0.0,0.0,0.0,0.0,0.0
accom6_4,0.0,0.0,0.0,1.0,1.0,1.0,1.0,0.0
accom6_5,0.0,0.0,0.0,1.0,1.0,1.0,1.0,0.0
accom7,1.0,1.0,1.0,1.0,1.0,1.0,1.0,1.0
accom8_1,1.0,1.0,1.0,1.0,1.0,1.0,1.0,1.0
accom8_2,1.0,1.0,1.0,1.0,1.0,1.0,1.0,1.0
accom8_3,1.0,1.0,1.0,1.0,1.0,1.0,1.0,1.0
accom8_4,1.0,1.0,1.0,1.0,1.0,1.0,1.0,1.0
accom8_5,1.0,1.0,1.0,1.0,1.0,1.0,1.0,1.0
accom9_1,1.0,0.0,0.0,0.0,0.0,0.0,0.0,0.0
accom9_2,1.0,0.0,0.0,0.0,0.0,0.0,0.0,0.0
accom9_3,1.0,0.0,0.0,0.0,0.0,0.0,0.0,0.0
accom9_4,1.0,0.0,0.0,0.0,0.0,0.0,0.0,0.0
accom9_5,1.0,0.0,0.0,0.0,0.0,0.0,0.0,0.0
accom9_6,1.0,0.0,0.0,0.0,0.0,0.0,0.0,0.0
accom9_6_other,1.0,0.0,0.0,0.0,0.0,0.0,0.0,0.0
accom9_7,1.0,0.0,0.0,0.0,0.0,0.0,0.0,0.0
accom9_8,1.0,0.0,0.0,0.0,0.0,0.0,0.0,0.0
accom9a1_1,0.0,1.0,1.0,1.0,0.0,0.0,1.0,0.0
accom9a1_2,0.0,1.0,1.0,1.0,0.0,0.0,1.0,1.0
accom9a1_3,0.0,1.0,1.0,1.0,0.0,0.0,1.0,0.0
accom9a1_4,0.0,1.0,1.0,1.0,0.0,0.0,1.0,0.0
accom9a1_5,0.0,1.0,0.0,0.0,0.0,0.0,0.0,0.0
accom9a1_6,0.0,1.0,0.0,0.0,0.0,0.0,0.0,0.0
accom9a1_7,0.0,1.0,0.0,0.0,0.0,0.0,0.0,0.0
accom9a1_7_extension,0.0,1.0,0.0,0.0,0.0,0.0,0.0,0.0
accom9a1_8,0.0,1.0,0.0,0.0,0.0,0.0,0.0,0.0
accom9a1_8_other,0.0,1.0,0.0,0.0,0.0,0.0,0.0,0.0
accom9a2_1,0.0,1.0,1.0,1.0,0.0,0.0,0.0,0.0
accom9a2_2,0.0,1.0,1.0,1.0,0.0,0.0,0.0,0.0
accom9a2_3,0.0,1.0,1.0,1.0,0.0,0.0,0.0,0.0
accom9a2_4,0.0,1.0,1.0,1.0,0.0,0.0,0.0,0.0
accom9a2_5,0.0,1.0,0.0,0.0,0.0,0.0,0.0,0.0
accom9a2_6,0.0,1.0,0.0,0.0,0.0,0.0,0.0,0.0
accom9a2_7,0.0,1.0,0.0,0.0,0.0,0.0,0.0,0.0
accom9a2_8,0.0,1.0,0.0,0.0,0.0,0.0,0.0,0.0
accom9b_1,0.0,1.0,0.0,0.0,0.0,0.0,0.0,0.0
accom9b_2,0.0,1.0,0.0,0.0,0.0,0.0,0.0,0.0
accom9b_3,0.0,1.0,0.0,0.0,0.0,0.0,0.0,0.0
accom9b_4,0.0,1.0,0.0,0.0,0.0,0.0,0.0,0.0
accom9b_5,0.0,1.0,0.0,0.0,0.0,0.0,0.0,0.0
accom9b_6,0.0,1.0,0.0,0.0,0.0,0.0,0.0,0.0
accom9b_7,0.0,1.0,0.0,0.0,0.0,0.0,0.0,0.0
accom9b_7_extension,0.0,1.0,0.0,0.0,0.0,0.0,0.0,0.0
accom9b_8,0.0,1.0,0.0,0.0,0.0,0.0,0.0,0.0
accom9b_8_other,0.0,1.0,0.0,0.0,0.0,0.0,0.0,0.0
accom9c1_1,0.0,1.0,1.0,1.0,0.0,0.0,0.0,0.0
accom9c1_2,0.0,1.0,1.0,1.0,0.0,0.0,0.0,0.0
accom9c1_3,0.0,1.0,1.0,1.0,0.0,0.0,0.0,0.0
accom9c1_4,0.0,1.0,1.0,1.0,0.0,0.0,0.0,0.0
accom9c1_5,0.0,1.0,0.0,0.0,0.0,0.0,0.0,0.0
accom9c1_6,0.0,1.0,0.0,0.0,0.0,0.0,0.0,0.0
accom9c1_7,0.0,1.0,0.0,0.0,0.0,0.0,0.0,0.0
accom9c1_8,0.0,1.0,0.0,0.0,0.0,0.0,0.0,0.0
accom9c2_1,0.0,1.0,0.0,0.0,0.0,0.0,0.0,0.0
accom9c2_2,0.0,1.0,0.0,0.0,0.0,0.0,0.0,0.0
accom9c2_3,0.0,1.0,0.0,0.0,0.0,0.0,0.0,0.0
accom9c2_4,0.0,1.0,0.0,0.0,0.0,0.0,0.0,0.0
accom9c2_5,0.0,1.0,0.0,0.0,0.0,0.0,0.0,0.0
accom9c2_6,0.0,1.0,0.0,0.0,0.0,0.0,0.0,0.0
accom9c2_7,0.0,1.0,0.0,0.0,0.0,0.0,0.0,0.0
accom9c2_8,0.0,1.0,0.0,0.0,0.0,0.0,0.0,0.0
accom9d_1_1,0.0,1.0,1.0,1.0,0.0,0.0,1.0,0.0
accom9d_1_10,0.0,0.0,1.0,1.0,0.0,0.0,1.0,0.0
accom9d_1_2,0.0,1.0,1.0,1.0,0.0,0.0,1.0,0.0
accom9d_1_3,0.0,1.0,1.0,1.0,0.0,0.0,1.0,0.0
accom9d_1_4,0.0,1.0,1.0,1.0,0.0,0.0,1.0,0.0
accom9d_1_5,0.0,1.0,1.0,1.0,0.0,0.0,1.0,0.0
accom9d_1_6,0.0,1.0,1.0,1.0,0.0,0.0,1.0,0.0
accom9d_1_7,0.0,1.0,1.0,1.0,0.0,0.0,1.0,0.0
accom9d_1_8,0.0,1.0,1.0,1.0,0.0,0.0,1.0,0.0
accom9d_1_9,0.0,1.0,1.0,1.0,0.0,0.0,1.0,0.0
accom9d_2_1,0.0,1.0,1.0,1.0,0.0,0.0,1.0,0.0
accom9d_2_10,0.0,0.0,1.0,1.0,0.0,0.0,1.0,0.0
accom9d_2_2,0.0,1.0,1.0,1.0,0.0,0.0,1.0,0.0
accom9d_2_3,0.0,1.0,1.0,1.0,0.0,0.0,1.0,0.0
accom9d_2_4,0.0,1.0,1.0,1.0,0.0,0.0,1.0,0.0
accom9d_2_5,0.0,1.0,1.0,1.0,0.0,0.0,1.0,0.0
accom9d_2_6,0.0,1.0,1.0,1.0,0.0,0.0,1.0,0.0
accom9d_2_7,0.0,1.0,1.0,1.0,0.0,0.0,1.0,0.0
accom9d_2_8,0.0,1.0,1.0,1.0,0.0,0.0,1.0,0.0
accom9d_2_9,0.0,1.0,1.0,1.0,0.0,0.0,1.0,0.0
accom9d_3_1,0.0,1.0,1.0,1.0,0.0,0.0,1.0,0.0
accom9d_3_10,0.0,0.0,1.0,1.0,0.0,0.0,1.0,0.0
accom9d_3_2,0.0,1.0,1.0,1.0,0.0,0.0,1.0,0.0
accom9d_3_3,0.0,1.0,1.0,1.0,0.0,0.0,1.0,0.0
accom9d_3_4,0.0,1.0,1.0,1.0,0.0,0.0,1.0,0.0
accom9d_3_5,0.0,1.0,1.0,1.0,0.0,0.0,1.0,0.0
accom9d_3_6,0.0,1.0,1.0,1.0,0.0,0.0,1.0,0.0
accom9d_3_7,0.0,1.0,1.0,1.0,0.0,0.0,1.0,0.0
accom9d_3_8,0.0,1.0,1.0,1.0,0.0,0.0,1.0,0.0
accom9d_3_9,0.0,1.0,1.0,1.0,0.0,0.0,1.0,0.0
accom9d_4_1,0.0,1.0,1.0,1.0,0.0,0.0,1.0,0.0
accom9d_4_10,0.0,0.0,1.0,1.0,0.0,0.0,1.0,0.0
accom9d_4_2,0.0,1.0,1.0,1.0,0.0,0.0,1.0,0.0
accom9d_4_3,0.0,1.0,1.0,1.0,0.0,0.0,1.0,0.0
accom9d_4_4,0.0,1.0,1.0,1.0,0.0,0.0,1.0,0.0
accom9d_4_5,0.0,1.0,1.0,1.0,0.0,0.0,1.0,0.0
accom9d_4_6,0.0,1.0,1.0,1.0,0.0,0.0,1.0,0.0
accom9d_4_7,0.0,1.0,1.0,1.0,0.0,0.0,1.0,0.0
accom9d_4_8,0.0,1.0,1.0,1.0,0.0,0.0,1.0,0.0
accom9d_4_9,0.0,1.0,1.0,1.0,0.0,0.0,1.0,0.0
accom9d_5_1,0.0,1.0,0.0,0.0,0.0,0.0,0.0,0.0
accom9d_5_2,0.0,1.0,0.0,0.0,0.0,0.0,0.0,0.0
accom9d_5_3,0.0,1.0,0.0,0.0,0.0,0.0,0.0,0.0
accom9d_5_4,0.0,1.0,0.0,0.0,0.0,0.0,0.0,0.0
accom9d_5_5,0.0,1.0,0.0,0.0,0.0,0.0,0.0,0.0
accom9d_5_6,0.0,1.0,0.0,0.0,0.0,0.0,0.0,0.0
accom9d_5_7,0.0,1.0,0.0,0.0,0.0,0.0,0.0,0.0
accom9d_5_8,0.0,1.0,0.0,0.0,0.0,0.0,0.0,0.0
accom9d_5_9,0.0,1.0,0.0,0.0,0.0,0.0,0.0,0.0
accom9d_6_1,0.0,1.0,0.0,0.0,0.0,0.0,0.0,0.0
accom9d_6_2,0.0,1.0,0.0,0.0,0.0,0.0,0.0,0.0
accom9d_6_3,0.0,1.0,0.0,0.0,0.0,0.0,0.0,0.0
accom9d_6_4,0.0,1.0,0.0,0.0,0.0,0.0,0.0,0.0
accom9d_6_5,0.0,1.0,0.0,0.0,0.0,0.0,0.0,0.0
accom9d_6_6,0.0,1.0,0.0,0.0,0.0,0.0,0.0,0.0
accom9d_6_7,0.0,1.0,0.0,0.0,0.0,0.0,0.0,0.0
accom9d_6_8,0.0,1.0,0.0,0.0,0.0,0.0,0.0,0.0
accom9d_6_9,0.0,1.0,0.0,0.0,0.0,0.0,0.0,0.0
accom9e2_1,0.0,0.0,1.0,0.0,0.0,0.0,0.0,0.0
accom9e2_1b,0.0,0.0,0.0,1.0,0.0,0.0,1.0,0.0
accom9e2_2_1,0.0,0.0,1.0,1.0,0.0,0.0,1.0,0.0
accom9e2_2_2,0.0,0.0,1.0,1.0,0.0,0.0,1.0,0.0
accom9e3_1,0.0,0.0,1.0,1.0,0.0,0.0,0.0,0.0
accom9e3_2,0.0,0.0,1.0,1.0,0.0,0.0,0.0,0.0
accom9e4_1,0.0,0.0,1.0,1.0,0.0,0.0,0.0,0.0
accom_change,0.0,1.0,1.0,1.0,1.0,0.0,1.0,1.0
covid1_1,0.0,0.0,0.0,0.0,1.0,0.0,0.0,0.0
covid1_10,0.0,0.0,0.0,0.0,1.0,0.0,0.0,0.0
covid1_11,0.0,0.0,0.0,0.0,1.0,0.0,0.0,0.0
covid1_2,0.0,0.0,0.0,0.0,1.0,0.0,0.0,0.0
covid1_3,0.0,0.0,0.0,0.0,1.0,0.0,0.0,0.0
covid1_4,0.0,0.0,0.0,0.0,1.0,0.0,0.0,0.0
covid1_5,0.0,0.0,0.0,0.0,1.0,0.0,0.0,0.0
covid1_6,0.0,0.0,0.0,0.0,1.0,0.0,0.0,0.0
covid1_7,0.0,0.0,0.0,0.0,1.0,0.0,0.0,0.0
covid1_8,0.0,0.0,0.0,0.0,1.0,0.0,0.0,0.0
covid1_9,0.0,0.0,0.0,0.0,1.0,0.0,0.0,0.0
covid1a_1,0.0,0.0,0.0,0.0,0.0,1.0,0.0,0.0
covid1a_11,0.0,0.0,0.0,0.0,0.0,1.0,0.0,0.0
covid1a_12,0.0,0.0,0.0,0.0,0.0,1.0,0.0,0.0
covid1a_13,0.0,0.0,0.0,0.0,0.0,1.0,0.0,0.0
covid1a_14,0.0,0.0,0.0,0.0,0.0,1.0,0.0,0.0
covid1a_15,0.0,0.0,0.0,0.0,0.0,1.0,0.0,0.0
covid1a_2,0.0,0.0,0.0,0.0,0.0,1.0,0.0,0.0
covid1a_3,0.0,0.0,0.0,0.0,0.0,1.0,0.0,0.0
covid1a_4,0.0,0.0,0.0,0.0,0.0,1.0,0.0,0.0
covid1a_6,0.0,0.0,0.0,0.0,0.0,1.0,0.0,0.0
covid1a_7,0.0,0.0,0.0,0.0,0.0,1.0,0.0,0.0
covid1a_8,0.0,0.0,0.0,0.0,0.0,1.0,0.0,0.0
covid1a_transport_1,0.0,0.0,0.0,0.0,0.0,1.0,0.0,0.0
covid1a_transport_2,0.0,0.0,0.0,0.0,0.0,1.0,0.0,0.0
covid1a_transport_3,0.0,0.0,0.0,0.0,0.0,1.0,0.0,0.0
covid1a_transport_4,0.0,0.0,0.0,0.0,0.0,1.0,0.0,0.0
covid1a_work,0.0,0.0,0.0,0.0,0.0,1.0,0.0,0.0
covid1b_10,0.0,0.0,0.0,0.0,0.0,1.0,0.0,0.0
covid1b_16,0.0,0.0,0.0,0.0,0.0,1.0,0.0,0.0
covid1b_17,0.0,0.0,0.0,0.0,0.0,1.0,0.0,0.0
covid1b_18,0.0,0.0,0.0,0.0,0.0,1.0,0.0,0.0
covid1b_19,0.0,0.0,0.0,0.0,0.0,1.0,0.0,0.0
covid1b_20,0.0,0.0,0.0,0.0,0.0,1.0,0.0,0.0
covid1b_5,0.0,0.0,0.0,0.0,0.0,1.0,0.0,0.0
covid1b_9,0.0,0.0,0.0,0.0,0.0,1.0,0.0,0.0
covid2_1,0.0,0.0,0.0,0.0,1.0,0.0,0.0,0.0
covid2_10,0.0,0.0,0.0,0.0,1.0,0.0,0.0,0.0
covid2_11,0.0,0.0,0.0,0.0,1.0,0.0,0.0,0.0
covid2_12,0.0,0.0,0.0,0.0,1.0,0.0,0.0,0.0
covid2_2,0.0,0.0,0.0,0.0,1.0,0.0,0.0,0.0
covid2_3,0.0,0.0,0.0,0.0,1.0,0.0,0.0,0.0
covid2_4,0.0,0.0,0.0,0.0,1.0,0.0,0.0,0.0
covid2_5,0.0,0.0,0.0,0.0,1.0,0.0,0.0,0.0
covid2_6,0.0,0.0,0.0,0.0,1.0,0.0,0.0,0.0
covid2_7,0.0,0.0,0.0,0.0,1.0,0.0,0.0,0.0
covid2_8,0.0,0.0,0.0,0.0,1.0,0.0,0.0,0.0
covid2_9,0.0,0.0,0.0,0.0,1.0,0.0,0.0,0.0
covid2a_1,0.0,0.0,0.0,0.0,0.0,1.0,0.0,0.0
covid2a_13,0.0,0.0,0.0,0.0,0.0,1.0,0.0,0.0
covid2a_14,0.0,0.0,0.0,0.0,0.0,1.0,0.0,0.0
covid2a_15,0.0,0.0,0.0,0.0,0.0,1.0,0.0,0.0
covid2a_20,0.0,0.0,0.0,0.0,0.0,1.0,0.0,0.0
covid2a_21,0.0,0.0,0.0,0.0,0.0,1.0,0.0,0.0
covid2a_22,0.0,0.0,0.0,0.0,0.0,1.0,0.0,0.0
covid2a_23,0.0,0.0,0.0,0.0,0.0,1.0,0.0,0.0
covid2a_24,0.0,0.0,0.0,0.0,0.0,1.0,0.0,0.0
covid2a_3,0.0,0.0,0.0,0.0,0.0,1.0,0.0,0.0
covid2a_4,0.0,0.0,0.0,0.0,0.0,1.0,0.0,0.0
covid2a_9,0.0,0.0,0.0,0.0,0.0,1.0,0.0,0.0
covid2b_10,0.0,0.0,0.0,0.0,0.0,1.0,0.0,0.0
covid2b_16,0.0,0.0,0.0,0.0,0.0,1.0,0.0,0.0
covid2b_17,0.0,0.0,0.0,0.0,0.0,1.0,0.0,0.0
covid2b_18,0.0,0.0,0.0,0.0,0.0,1.0,0.0,0.0
covid2b_19,0.0,0.0,0.0,0.0,0.0,1.0,0.0,0.0
covid2b_2,0.0,0.0,0.0,0.0,0.0,1.0,0.0,0.0
covid2b_20,0.0,0.0,0.0,0.0,0.0,1.0,0.0,0.0
covid2b_25,0.0,0.0,0.0,0.0,0.0,1.0,0.0,0.0
covid2b_5,0.0,0.0,0.0,0.0,0.0,1.0,0.0,0.0
covid2c_11,0.0,0.0,0.0,0.0,0.0,1.0,0.0,0.0
covid2c_12,0.0,0.0,0.0,0.0,0.0,1.0,0.0,0.0
covid2c_26,0.0,0.0,0.0,0.0,0.0,1.0,0.0,0.0
covid2c_27,0.0,0.0,0.0,0.0,0.0,1.0,0.0,0.0
covid2c_6,0.0,0.0,0.0,0.0,0.0,1.0,0.0,0.0
covid2c_7,0.0,0.0,0.0,0.0,0.0,1.0,0.0,0.0
covid2c_8,0.0,0.0,0.0,0.0,0.0,1.0,0.0,0.0
covid3_1,0.0,0.0,0.0,0.0,0.0,1.0,0.0,0.0
covid3_2,0.0,0.0,0.0,0.0,0.0,1.0,0.0,0.0
covid3_3,0.0,0.0,0.0,0.0,0.0,1.0,0.0,0.0
covid3_4,0.0,0.0,0.0,0.0,0.0,1.0,0.0,0.0
covid3_5,0.0,0.0,0.0,0.0,0.0,1.0,0.0,0.0
covid3_6,0.0,0.0,0.0,0.0,0.0,1.0,0.0,0.0
covid3_7,0.0,0.0,0.0,0.0,0.0,1.0,0.0,0.0
covid3_8,0.0,0.0,0.0,0.0,0.0,1.0,0.0,0.0
elec10,1.0,0.0,0.0,0.0,0.0,0.0,0.0,0.0
elec10_other,1.0,0.0,0.0,0.0,0.0,0.0,0.0,0.0
elec10a,0.0,1.0,1.0,1.0,1.0,1.0,1.0,0.0
elec10b_1,0.0,1.0,1.0,1.0,1.0,1.0,1.0,0.0
elec10b_2,0.0,1.0,1.0,1.0,1.0,1.0,1.0,0.0
elec10b_3,0.0,1.0,1.0,1.0,1.0,1.0,1.0,0.0
elec10b_3_other,0.0,1.0,1.0,1.0,1.0,1.0,1.0,0.0
elec10b_4,0.0,1.0,1.0,1.0,1.0,1.0,1.0,0.0
elec10c,0.0,1.0,1.0,1.0,1.0,1.0,1.0,0.0
elec11_1,1.0,0.0,0.0,0.0,0.0,0.0,0.0,0.0
elec11_2,1.0,0.0,0.0,0.0,0.0,0.0,0.0,0.0
elec12_1,1.0,0.0,0.0,0.0,0.0,0.0,0.0,0.0
elec12_2,1.0,0.0,0.0,0.0,0.0,0.0,0.0,0.0
elec13_12,1.0,1.0,1.0,1.0,1.0,1.0,1.0,0.0
elec13_13,0.0,1.0,1.0,1.0,1.0,1.0,1.0,0.0
elec13_15,1.0,1.0,1.0,1.0,1.0,1.0,1.0,0.0
elec13_16,1.0,0.0,0.0,0.0,0.0,0.0,0.0,0.0
elec13_16_17,0.0,1.0,1.0,1.0,1.0,1.0,1.0,0.0
elec13_19,1.0,1.0,1.0,1.0,1.0,1.0,1.0,0.0
elec13_5,1.0,1.0,1.0,1.0,1.0,1.0,1.0,0.0
elec13_old_12,0.0,1.0,0.0,0.0,0.0,0.0,0.0,0.0
elec13_old_13,0.0,1.0,0.0,0.0,0.0,0.0,0.0,0.0
elec13_old_15,0.0,1.0,0.0,0.0,0.0,0.0,0.0,0.0
elec13_old_16_17,0.0,1.0,0.0,0.0,0.0,0.0,0.0,0.0
elec13_old_19,0.0,1.0,0.0,0.0,0.0,0.0,0.0,0.0
elec13_old_5,0.0,1.0,0.0,0.0,0.0,0.0,0.0,0.0
elec14a,0.0,0.0,1.0,1.0,1.0,1.0,1.0,1.0
elec14b,0.0,0.0,1.0,1.0,1.0,1.0,1.0,0.0
elec14c,0.0,0.0,1.0,1.0,1.0,1.0,1.0,0.0
elec14d_1,0.0,0.0,1.0,1.0,1.0,1.0,1.0,0.0
elec14d_2,0.0,0.0,1.0,1.0,1.0,1.0,1.0,0.0
elec14d_3,0.0,0.0,1.0,1.0,1.0,1.0,1.0,0.0
elec14d_4,0.0,0.0,1.0,1.0,1.0,1.0,1.0,0.0
elec14d_5,0.0,0.0,1.0,1.0,1.0,1.0,1.0,0.0
elec14d_5_other,0.0,0.0,1.0,1.0,1.0,1.0,1.0,0.0
elec14e,0.0,0.0,0.0,1.0,1.0,1.0,1.0,0.0
elec15,0.0,0.0,1.0,1.0,1.0,1.0,1.0,0.0
elec1_1,1.0,1.0,1.0,1.0,1.0,1.0,1.0,0.0
elec1_10,1.0,1.0,1.0,1.0,1.0,1.0,1.0,0.0
elec1_11,1.0,1.0,1.0,1.0,1.0,1.0,1.0,0.0
elec1_12,1.0,1.0,1.0,1.0,1.0,1.0,1.0,0.0
elec1_13,1.0,1.0,1.0,1.0,1.0,1.0,1.0,0.0
elec1_14,1.0,1.0,1.0,1.0,1.0,1.0,1.0,0.0
elec1_15,1.0,1.0,1.0,1.0,1.0,1.0,1.0,0.0
elec1_16,1.0,1.0,1.0,1.0,1.0,1.0,1.0,0.0
elec1_17,1.0,1.0,1.0,1.0,1.0,1.0,1.0,0.0
elec1_18,1.0,1.0,1.0,1.0,1.0,1.0,1.0,0.0
elec1_19,1.0,1.0,1.0,1.0,1.0,1.0,1.0,0.0
elec1_2,1.0,1.0,1.0,1.0,1.0,1.0,1.0,0.0
elec1_20,1.0,1.0,1.0,1.0,1.0,1.0,1.0,0.0
elec1_21,1.0,1.0,1.0,1.0,1.0,1.0,1.0,0.0
elec1_22,1.0,1.0,1.0,1.0,1.0,1.0,1.0,0.0
elec1_23,1.0,1.0,1.0,1.0,1.0,1.0,1.0,0.0
elec1_24,1.0,1.0,1.0,1.0,1.0,1.0,1.0,0.0
elec1_25,1.0,1.0,1.0,1.0,1.0,1.0,1.0,0.0
elec1_26,1.0,1.0,1.0,1.0,1.0,1.0,1.0,0.0
elec1_27,1.0,1.0,1.0,1.0,1.0,1.0,1.0,0.0
elec1_28,0.0,1.0,1.0,1.0,1.0,1.0,1.0,0.0
elec1_3,1.0,1.0,1.0,1.0,1.0,1.0,1.0,0.0
elec1_4,1.0,1.0,1.0,1.0,1.0,1.0,1.0,0.0
elec1_5,1.0,1.0,1.0,1.0,1.0,1.0,1.0,0.0
elec1_6,1.0,1.0,1.0,1.0,1.0,1.0,1.0,0.0
elec1_7,1.0,1.0,1.0,1.0,1.0,1.0,1.0,0.0
elec1_8,1.0,1.0,1.0,1.0,1.0,1.0,1.0,0.0
elec1_9,1.0,1.0,1.0,1.0,1.0,1.0,1.0,0.0
elec1_old_1,0.0,1.0,0.0,0.0,0.0,0.0,0.0,0.0
elec1_old_10,0.0,1.0,0.0,0.0,0.0,0.0,0.0,0.0
elec1_old_11,0.0,1.0,0.0,0.0,0.0,0.0,0.0,0.0
elec1_old_12,0.0,1.0,0.0,0.0,0.0,0.0,0.0,0.0
elec1_old_13,0.0,1.0,0.0,0.0,0.0,0.0,0.0,0.0
elec1_old_14,0.0,1.0,0.0,0.0,0.0,0.0,0.0,0.0
elec1_old_15,0.0,1.0,0.0,0.0,0.0,0.0,0.0,0.0
elec1_old_16,0.0,1.0,0.0,0.0,0.0,0.0,0.0,0.0
elec1_old_17,0.0,1.0,0.0,0.0,0.0,0.0,0.0,0.0
elec1_old_18,0.0,1.0,0.0,0.0,0.0,0.0,0.0,0.0
elec1_old_19,0.0,1.0,0.0,0.0,0.0,0.0,0.0,0.0
elec1_old_2,0.0,1.0,0.0,0.0,0.0,0.0,0.0,0.0
elec1_old_20,0.0,1.0,0.0,0.0,0.0,0.0,0.0,0.0
elec1_old_21,0.0,1.0,0.0,0.0,0.0,0.0,0.0,0.0
elec1_old_22,0.0,1.0,0.0,0.0,0.0,0.0,0.0,0.0
elec1_old_23,0.0,1.0,0.0,0.0,0.0,0.0,0.0,0.0
elec1_old_24,0.0,1.0,0.0,0.0,0.0,0.0,0.0,0.0
elec1_old_25,0.0,1.0,0.0,0.0,0.0,0.0,0.0,0.0
elec1_old_26,0.0,1.0,0.0,0.0,0.0,0.0,0.0,0.0
elec1_old_27,0.0,1.0,0.0,0.0,0.0,0.0,0.0,0.0
elec1_old_28,0.0,1.0,0.0,0.0,0.0,0.0,0.0,0.0
elec1_old_3,0.0,1.0,0.0,0.0,0.0,0.0,0.0,0.0
elec1_old_4,0.0,1.0,0.0,0.0,0.0,0.0,0.0,0.0
elec1_old_5,0.0,1.0,0.0,0.0,0.0,0.0,0.0,0.0
elec1_old_6,0.0,1.0,0.0,0.0,0.0,0.0,0.0,0.0
elec1_old_7,0.0,1.0,0.0,0.0,0.0,0.0,0.0,0.0
elec1_old_8,0.0,1.0,0.0,0.0,0.0,0.0,0.0,0.0
elec1_old_9,0.0,1.0,0.0,0.0,0.0,0.0,0.0,0.0
elec2_1,0.0,1.0,1.0,1.0,1.0,1.0,1.0,0.0
elec2_12,1.0,1.0,1.0,1.0,1.0,1.0,1.0,0.0
elec2_16,1.0,1.0,1.0,1.0,1.0,1.0,1.0,0.0
elec2_17,1.0,1.0,1.0,1.0,1.0,1.0,1.0,0.0
elec2_18,1.0,1.0,1.0,1.0,1.0,1.0,1.0,0.0
elec2_2,0.0,1.0,1.0,1.0,1.0,1.0,1.0,0.0
elec2_old_1,0.0,1.0,0.0,0.0,0.0,0.0,0.0,0.0
elec2_old_12,0.0,1.0,0.0,0.0,0.0,0.0,0.0,0.0
elec2_old_16,0.0,1.0,0.0,0.0,0.0,0.0,0.0,0.0
elec2_old_17,0.0,1.0,0.0,0.0,0.0,0.0,0.0,0.0
elec2_old_18,0.0,1.0,0.0,0.0,0.0,0.0,0.0,0.0
elec2_old_2,0.0,1.0,0.0,0.0,0.0,0.0,0.0,0.0
elec3_1,1.0,1.0,1.0,1.0,1.0,1.0,0.0,0.0
elec3_10,1.0,1.0,1.0,1.0,1.0,1.0,0.0,0.0
elec3_12,1.0,1.0,1.0,1.0,1.0,1.0,0.0,0.0
elec3_2,1.0,1.0,1.0,1.0,1.0,1.0,0.0,0.0
elec3_28,0.0,1.0,1.0,1.0,1.0,1.0,0.0,0.0
elec3_4,1.0,1.0,1.0,1.0,1.0,1.0,0.0,0.0
elec3_9,1.0,1.0,1.0,1.0,1.0,1.0,0.0,0.0
elec3_old_1,0.0,1.0,0.0,0.0,0.0,0.0,0.0,0.0
elec3_old_10,0.0,1.0,0.0,0.0,0.0,0.0,0.0,0.0
elec3_old_12,0.0,1.0,0.0,0.0,0.0,0.0,0.0,0.0
elec3_old_2,0.0,1.0,0.0,0.0,0.0,0.0,0.0,0.0
elec3_old_28,0.0,1.0,0.0,0.0,0.0,0.0,0.0,0.0
elec3_old_4,0.0,1.0,0.0,0.0,0.0,0.0,0.0,0.0
elec3_old_9,0.0,1.0,0.0,0.0,0.0,0.0,0.0,0.0
elec4_10,1.0,1.0,1.0,1.0,1.0,1.0,1.0,0.0
elec4_28,0.0,1.0,1.0,1.0,1.0,1.0,1.0,0.0
elec4_4,1.0,1.0,1.0,1.0,1.0,1.0,1.0,0.0
elec4_9,1.0,1.0,1.0,1.0,1.0,1.0,1.0,0.0
elec4_old_10,0.0,1.0,0.0,0.0,0.0,0.0,0.0,0.0
elec4_old_28,0.0,1.0,0.0,0.0,0.0,0.0,0.0,0.0
elec4_old_4,0.0,1.0,0.0,0.0,0.0,0.0,0.0,0.0
elec4_old_9,0.0,1.0,0.0,0.0,0.0,0.0,0.0,0.0
elec5_12,1.0,1.0,1.0,1.0,1.0,1.0,1.0,0.0
elec5_16_17,1.0,1.0,1.0,1.0,1.0,1.0,1.0,0.0
elec5_18,1.0,1.0,1.0,1.0,1.0,1.0,1.0,0.0
elec5_old_12,0.0,1.0,0.0,0.0,0.0,0.0,0.0,0.0
elec5_old_16_17,0.0,1.0,0.0,0.0,0.0,0.0,0.0,0.0
elec5_old_18,0.0,1.0,0.0,0.0,0.0,0.0,0.0,0.0
elec6_1,1.0,1.0,1.0,1.0,1.0,1.0,0.0,0.0
elec6_2,1.0,1.0,1.0,1.0,1.0,1.0,0.0,0.0
elec6_3,1.0,1.0,1.0,1.0,1.0,1.0,0.0,0.0
elec7_1,1.0,1.0,1.0,1.0,1.0,1.0,1.0,1.0
elec7_2,1.0,1.0,1.0,1.0,1.0,1.0,1.0,1.0
elec7_warning,0.0,1.0,1.0,0.0,0.0,0.0,0.0,0.0
elec8_1,1.0,1.0,1.0,1.0,1.0,1.0,1.0,1.0
elec8_2,1.0,1.0,1.0,1.0,1.0,1.0,1.0,1.0
elec8_warning,0.0,1.0,1.0,0.0,0.0,0.0,0.0,0.0
elec9,1.0,1.0,1.0,1.0,1.0,1.0,1.0,1.0
enlit1,1.0,1.0,1.0,1.0,1.0,1.0,0.0,0.0
enlit10,1.0,0.0,0.0,0.0,0.0,0.0,0.0,0.0
enlit11,0.0,1.0,1.0,1.0,1.0,1.0,0.0,0.0
enlit12,0.0,1.0,1.0,1.0,1.0,1.0,0.0,0.0
enlit13_1,0.0,1.0,1.0,1.0,1.0,1.0,1.0,0.0
enlit13_2,0.0,1.0,1.0,1.0,1.0,1.0,1.0,0.0
enlit14_1,0.0,1.0,1.0,1.0,1.0,1.0,1.0,0.0
enlit14_2,0.0,1.0,1.0,1.0,1.0,1.0,1.0,0.0
enlit14_3,0.0,1.0,1.0,1.0,1.0,1.0,1.0,0.0
enlit14_4,0.0,1.0,1.0,1.0,1.0,1.0,1.0,0.0
enlit14_5,0.0,1.0,1.0,1.0,1.0,1.0,1.0,0.0
enlit14_6,0.0,1.0,1.0,1.0,1.0,1.0,1.0,0.0
enlit14_6_other,0.0,1.0,1.0,1.0,1.0,1.0,1.0,0.0
enlit15,0.0,1.0,0.0,0.0,0.0,0.0,0.0,0.0
enlit16,0.0,1.0,1.0,0.0,0.0,0.0,0.0,0.0
enlit17,0.0,0.0,1.0,0.0,0.0,0.0,0.0,0.0
enlit18_1,0.0,0.0,0.0,0.0,0.0,0.0,0.0,1.0
enlit18_2,0.0,0.0,0.0,0.0,0.0,0.0,0.0,1.0
enlit18_3,0.0,0.0,0.0,0.0,0.0,0.0,0.0,1.0
enlit18_4,0.0,0.0,0.0,0.0,0.0,0.0,0.0,1.0
enlit18_5,0.0,0.0,0.0,0.0,0.0,0.0,0.0,1.0
enlit19_1,0.0,0.0,0.0,0.0,0.0,0.0,0.0,1.0
enlit19_2,0.0,0.0,0.0,0.0,0.0,0.0,0.0,1.0
enlit19_3,0.0,0.0,0.0,0.0,0.0,0.0,0.0,1.0
enlit19_4,0.0,0.0,0.0,0.0,0.0,0.0,0.0,1.0
enlit19_5,0.0,0.0,0.0,0.0,0.0,0.0,0.0,1.0
enlit2_1,1.0,1.0,1.0,1.0,1.0,1.0,0.0,0.0
enlit2_2,1.0,1.0,1.0,1.0,1.0,1.0,0.0,0.0
enlit3,1.0,1.0,1.0,1.0,1.0,1.0,0.0,0.0
enlit4_1,1.0,1.0,0.0,0.0,0.0,0.0,0.0,0.0
enlit4_2,1.0,1.0,0.0,0.0,0.0,0.0,0.0,0.0
enlit4_3,1.0,1.0,0.0,0.0,0.0,0.0,0.0,0.0
enlit4a,0.0,0.0,1.0,1.0,1.0,1.0,0.0,0.0
enlit5_1,1.0,1.0,1.0,1.0,1.0,1.0,1.0,1.0
enlit5_2,1.0,1.0,1.0,1.0,1.0,1.0,1.0,1.0
enlit5_3,1.0,1.0,1.0,1.0,1.0,1.0,1.0,1.0
enlit5_4,1.0,1.0,1.0,1.0,1.0,1.0,1.0,1.0
enlit5_5,1.0,1.0,1.0,1.0,1.0,1.0,1.0,1.0
enlit5_score,0.0,0.0,0.0,0.0,0.0,0.0,0.0,1.0
enlit6_1,1.0,1.0,1.0,1.0,1.0,1.0,1.0,0.0
enlit6_2,1.0,1.0,1.0,1.0,1.0,1.0,1.0,0.0
enlit7,1.0,0.0,0.0,0.0,0.0,0.0,0.0,0.0
enlit8,1.0,0.0,0.0,0.0,0.0,0.0,0.0,0.0
enlit9,1.0,0.0,0.0,0.0,0.0,0.0,0.0,0.0
envpsy1_1,0.0,0.0,0.0,0.0,0.0,0.0,1.0,0.0
envpsy1_2,0.0,0.0,0.0,0.0,0.0,0.0,1.0,0.0
envpsy1_3,0.0,0.0,0.0,0.0,0.0,0.0,1.0,0.0
envpsy1_4,0.0,0.0,0.0,0.0,0.0,0.0,1.0,0.0
envpsy1_5,0.0,0.0,0.0,0.0,0.0,0.0,1.0,0.0
envpsy1_6,0.0,0.0,0.0,0.0,0.0,0.0,1.0,0.0
envpsy2,0.0,0.0,0.0,0.0,0.0,0.0,1.0,1.0
envpsy3,0.0,0.0,0.0,0.0,0.0,0.0,1.0,1.0
envpsy4_1,0.0,0.0,0.0,0.0,0.0,0.0,1.0,0.0
envpsy4_2,0.0,0.0,0.0,0.0,0.0,0.0,1.0,0.0
envpsy4_3,0.0,0.0,0.0,0.0,0.0,0.0,1.0,0.0
envpsy4_4,0.0,0.0,0.0,0.0,0.0,0.0,1.0,0.0
envpsy4_5,0.0,0.0,0.0,0.0,0.0,0.0,1.0,0.0
envpsy4_6,0.0,0.0,0.0,0.0,0.0,0.0,1.0,0.0
envpsy4_7,0.0,0.0,0.0,0.0,0.0,0.0,1.0,0.0
envpsy4_8,0.0,0.0,0.0,0.0,0.0,0.0,1.0,0.0
envpsy4_9,0.0,0.0,0.0,0.0,0.0,0.0,1.0,0.0
gr,1.0,0.0,0.0,0.0,0.0,0.0,0.0,0.0
heat10,1.0,1.0,1.0,1.0,1.0,1.0,0.0,0.0
heat10_other,1.0,1.0,1.0,1.0,1.0,1.0,0.0,0.0
heat1_1,1.0,1.0,1.0,1.0,1.0,1.0,1.0,1.0
heat1_2,1.0,1.0,1.0,1.0,1.0,1.0,1.0,1.0
heat1_3,1.0,0.0,0.0,0.0,0.0,0.0,0.0,0.0
heat2_1,1.0,0.0,0.0,0.0,0.0,0.0,0.0,0.0
heat2_2,1.0,0.0,0.0,0.0,0.0,0.0,0.0,0.0
heat2a1_1,0.0,1.0,1.0,1.0,1.0,1.0,1.0,0.0
heat2a1_2,0.0,1.0,1.0,1.0,1.0,1.0,1.0,0.0
heat2a2_1,0.0,1.0,1.0,1.0,1.0,1.0,1.0,0.0
heat2a2_2,0.0,1.0,1.0,1.0,1.0,1.0,1.0,0.0
heat3,1.0,0.0,0.0,0.0,0.0,0.0,0.0,0.0
heat4,1.0,1.0,1.0,1.0,1.0,1.0,1.0,0.0
heat4_other,1.0,1.0,1.0,1.0,1.0,1.0,1.0,0.0
heat5_1,1.0,0.0,0.0,0.0,0.0,0.0,0.0,0.0
heat5_2,1.0,0.0,0.0,0.0,0.0,0.0,0.0,0.0
heat5a1_1,0.0,1.0,1.0,1.0,1.0,1.0,1.0,1.0
heat5a1_2,0.0,1.0,1.0,1.0,1.0,1.0,1.0,1.0
heat5a1_3,0.0,1.0,1.0,1.0,1.0,1.0,1.0,1.0
heat5a2_1,0.0,1.0,1.0,1.0,1.0,1.0,1.0,1.0
heat5a2_2,0.0,1.0,1.0,1.0,1.0,1.0,1.0,1.0
heat5a2_3,0.0,1.0,1.0,1.0,1.0,1.0,1.0,1.0
heat5b,0.0,1.0,1.0,1.0,1.0,1.0,1.0,1.0
heat5c,0.0,1.0,1.0,1.0,1.0,1.0,1.0,1.0
heat6_1,1.0,1.0,1.0,1.0,1.0,1.0,1.0,1.0
heat6_2,1.0,1.0,1.0,1.0,1.0,1.0,1.0,1.0
heat6_3,1.0,1.0,1.0,1.0,1.0,1.0,1.0,1.0
heat7,1.0,1.0,1.0,1.0,1.0,1.0,1.0,1.0
heat8_1,1.0,1.0,1.0,1.0,1.0,1.0,0.0,0.0
heat8_2,1.0,1.0,1.0,1.0,1.0,1.0,0.0,0.0
heat9,1.0,0.0,0.0,0.0,0.0,0.0,0.0,0.0
heat_change,0.0,0.0,1.0,1.0,0.0,0.0,0.0,0.0
minyearforrenov,0.0,0.0,0.0,0.0,1.0,0.0,0.0,0.0
mistee_lease1,0.0,0.0,0.0,0.0,0.0,1.0,0.0,0.0
mistee_lease2,0.0,0.0,0.0,0.0,0.0,1.0,0.0,0.0
mistee_lease_y1,0.0,0.0,0.0,0.0,0.0,1.0,0.0,0.0
mistee_lease_y2,0.0,0.0,0.0,0.0,0.0,1.0,0.0,0.0
mistee_leasetype,0.0,0.0,0.0,0.0,0.0,1.0,0.0,0.0
mistee_leasezip,0.0,0.0,0.0,0.0,0.0,1.0,0.0,0.0
mistee_mfhtype,0.0,0.0,0.0,0.0,0.0,1.0,0.0,0.0
mistee_own2,0.0,0.0,0.0,0.0,0.0,1.0,0.0,0.0
mob10,1.0,1.0,1.0,1.0,1.0,1.0,1.0,0.0
mob10_e,0.0,0.0,0.0,1.0,1.0,0.0,0.0,0.0
mob10a,0.0,1.0,1.0,1.0,1.0,1.0,0.0,0.0
mob10b,0.0,1.0,1.0,1.0,1.0,1.0,0.0,0.0
mob10b_e,0.0,0.0,0.0,1.0,1.0,0.0,0.0,0.0
mob10b_e_tax,0.0,0.0,0.0,1.0,1.0,0.0,0.0,0.0
mob10b_tax,0.0,1.0,1.0,1.0,1.0,1.0,0.0,0.0
mob10c,0.0,1.0,0.0,0.0,0.0,0.0,0.0,0.0
mob10d,0.0,0.0,1.0,1.0,1.0,1.0,0.0,0.0
mob11,1.0,0.0,0.0,0.0,0.0,0.0,0.0,0.0
mob11_other,1.0,0.0,0.0,0.0,0.0,0.0,0.0,0.0
mob11a,0.0,1.0,1.0,1.0,1.0,1.0,1.0,1.0
mob11a_other,0.0,1.0,1.0,1.0,1.0,1.0,1.0,1.0
mob11b_1,0.0,0.0,1.0,0.0,0.0,0.0,0.0,0.0
mob11b_2,0.0,0.0,1.0,0.0,0.0,0.0,0.0,0.0
mob11b_3,0.0,0.0,1.0,0.0,0.0,0.0,0.0,0.0
mob11b_4,0.0,0.0,1.0,0.0,0.0,0.0,0.0,0.0
mob11b_5,0.0,0.0,1.0,0.0,0.0,0.0,0.0,0.0
mob11b_5_other,0.0,0.0,1.0,0.0,0.0,0.0,0.0,0.0
mob11b_7,0.0,0.0,1.0,0.0,0.0,0.0,0.0,0.0
mob12,1.0,0.0,0.0,0.0,0.0,0.0,0.0,0.0
mob12_other,1.0,0.0,0.0,0.0,0.0,0.0,0.0,0.0
mob12a,0.0,1.0,1.0,1.0,1.0,1.0,1.0,1.0
mob12a_other,0.0,1.0,1.0,1.0,1.0,1.0,1.0,1.0
mob12b_1,0.0,0.0,1.0,0.0,0.0,0.0,0.0,0.0
mob12b_2,0.0,0.0,1.0,0.0,0.0,0.0,0.0,0.0
mob12b_3,0.0,0.0,1.0,0.0,0.0,0.0,0.0,0.0
mob12b_4,0.0,0.0,1.0,0.0,0.0,0.0,0.0,0.0
mob12b_5,0.0,0.0,1.0,0.0,0.0,0.0,0.0,0.0
mob12b_5_other,0.0,0.0,1.0,0.0,0.0,0.0,0.0,0.0
mob12b_7,0.0,0.0,1.0,0.0,0.0,0.0,0.0,0.0
mob13_1,1.0,1.0,1.0,1.0,1.0,1.0,1.0,1.0
mob13_2,1.0,1.0,1.0,1.0,1.0,1.0,1.0,1.0
mob13_3,0.0,0.0,0.0,0.0,0.0,1.0,1.0,1.0
mob13_4,0.0,0.0,0.0,0.0,0.0,1.0,1.0,1.0
mob14,1.0,1.0,1.0,1.0,1.0,1.0,1.0,1.0
mob15,0.0,1.0,1.0,1.0,1.0,1.0,1.0,1.0
mob15_e,0.0,0.0,0.0,1.0,1.0,1.0,0.0,0.0
mob16_1,0.0,0.0,1.0,0.0,0.0,0.0,1.0,0.0
mob16_2,0.0,0.0,1.0,1.0,1.0,1.0,1.0,0.0
mob16_3,0.0,0.0,1.0,1.0,1.0,1.0,0.0,0.0
mob16_4,0.0,0.0,1.0,1.0,1.0,1.0,0.0,0.0
mob16_5,0.0,0.0,0.0,1.0,1.0,1.0,0.0,0.0
mob16_6,0.0,0.0,0.0,1.0,1.0,1.0,0.0,0.0
mob16a_1,0.0,0.0,0.0,0.0,1.0,0.0,0.0,0.0
mob16a_2,0.0,0.0,0.0,0.0,1.0,0.0,0.0,0.0
mob16a_3,0.0,0.0,0.0,0.0,1.0,0.0,0.0,0.0
mob16a_4,0.0,0.0,0.0,0.0,1.0,0.0,0.0,0.0
mob16a_5,0.0,0.0,0.0,0.0,1.0,0.0,0.0,0.0
mob16a_6,0.0,0.0,0.0,0.0,1.0,0.0,0.0,0.0
mob17_1,0.0,0.0,1.0,1.0,1.0,1.0,0.0,1.0
mob17_10,0.0,0.0,1.0,0.0,0.0,0.0,0.0,0.0
mob17_11,0.0,0.0,1.0,0.0,0.0,0.0,0.0,1.0
mob17_12,0.0,0.0,1.0,0.0,0.0,0.0,0.0,0.0
mob17_13,0.0,0.0,1.0,0.0,0.0,0.0,0.0,0.0
mob17_14,0.0,0.0,1.0,0.0,0.0,0.0,0.0,0.0
mob17_15,0.0,0.0,1.0,0.0,0.0,0.0,0.0,0.0
mob17_16,0.0,0.0,1.0,1.0,1.0,1.0,0.0,1.0
mob17_16_other,0.0,0.0,1.0,1.0,1.0,1.0,0.0,1.0
mob17_2,0.0,0.0,1.0,1.0,1.0,1.0,0.0,1.0
mob17_3,0.0,0.0,1.0,1.0,1.0,1.0,0.0,0.0
mob17_4,0.0,0.0,1.0,1.0,1.0,1.0,0.0,1.0
mob17_5,0.0,0.0,1.0,1.0,1.0,1.0,0.0,0.0
mob17_6,0.0,0.0,1.0,0.0,0.0,0.0,0.0,0.0
mob17_7,0.0,0.0,1.0,0.0,0.0,0.0,0.0,0.0
mob17_8,0.0,0.0,1.0,0.0,0.0,0.0,0.0,0.0
mob17_9,0.0,0.0,1.0,1.0,1.0,1.0,0.0,1.0
mob18_1,0.0,0.0,1.0,1.0,1.0,1.0,0.0,1.0
mob18_10,0.0,0.0,1.0,0.0,0.0,0.0,0.0,0.0
mob18_11,0.0,0.0,1.0,0.0,0.0,0.0,0.0,0.0
mob18_12,0.0,0.0,1.0,0.0,0.0,0.0,0.0,0.0
mob18_13,0.0,0.0,1.0,0.0,0.0,0.0,0.0,0.0
mob18_14,0.0,0.0,1.0,1.0,1.0,1.0,0.0,1.0
mob18_14_other,0.0,0.0,1.0,1.0,1.0,1.0,0.0,1.0
mob18_2,0.0,0.0,1.0,1.0,1.0,1.0,0.0,1.0
mob18_3,0.0,0.0,1.0,1.0,1.0,1.0,0.0,0.0
mob18_4,0.0,0.0,1.0,1.0,1.0,1.0,0.0,1.0
mob18_5,0.0,0.0,1.0,1.0,1.0,1.0,0.0,0.0
mob18_6,0.0,0.0,1.0,0.0,0.0,0.0,0.0,0.0
mob18_7,0.0,0.0,1.0,0.0,0.0,0.0,0.0,0.0
mob18_8,0.0,0.0,1.0,0.0,0.0,0.0,0.0,0.0
mob18_9,0.0,0.0,1.0,1.0,1.0,1.0,0.0,1.0
mob19_1,0.0,0.0,1.0,1.0,1.0,1.0,0.0,1.0
mob19_10,0.0,0.0,1.0,0.0,0.0,0.0,0.0,0.0
mob19_11,0.0,0.0,1.0,0.0,0.0,0.0,0.0,1.0
mob19_12,0.0,0.0,1.0,0.0,0.0,0.0,0.0,0.0
mob19_13,0.0,0.0,1.0,0.0,0.0,0.0,0.0,0.0
mob19_14,0.0,0.0,1.0,0.0,0.0,0.0,0.0,0.0
mob19_15,0.0,0.0,1.0,0.0,0.0,0.0,0.0,0.0
mob19_16,0.0,0.0,1.0,0.0,0.0,0.0,0.0,0.0
mob19_17,0.0,0.0,1.0,1.0,1.0,1.0,0.0,1.0
mob19_17_other,0.0,0.0,1.0,1.0,1.0,1.0,0.0,1.0
mob19_2,0.0,0.0,1.0,1.0,1.0,1.0,0.0,1.0
mob19_3,0.0,0.0,1.0,1.0,1.0,1.0,0.0,0.0
mob19_4,0.0,0.0,1.0,1.0,1.0,1.0,0.0,1.0
mob19_5,0.0,0.0,1.0,1.0,1.0,1.0,0.0,0.0
mob19_6,0.0,0.0,1.0,0.0,0.0,0.0,0.0,0.0
mob19_7,0.0,0.0,1.0,0.0,0.0,0.0,0.0,0.0
mob19_8,0.0,0.0,1.0,0.0,0.0,0.0,0.0,0.0
mob19_9,0.0,0.0,1.0,1.0,1.0,1.0,0.0,1.0
mob1_1,1.0,1.0,1.0,1.0,1.0,1.0,1.0,1.0
mob1_2,1.0,1.0,1.0,1.0,1.0,1.0,1.0,1.0
mob1_3,1.0,1.0,1.0,1.0,1.0,1.0,1.0,1.0
mob20_1,0.0,0.0,0.0,1.0,1.0,1.0,0.0,0.0
mob20_16,0.0,0.0,0.0,1.0,1.0,1.0,0.0,0.0
mob20_16_other,0.0,0.0,0.0,1.0,1.0,1.0,0.0,0.0
mob20_2,0.0,0.0,0.0,1.0,1.0,1.0,0.0,0.0
mob20_3,0.0,0.0,0.0,1.0,1.0,1.0,0.0,0.0
mob20_4,0.0,0.0,0.0,1.0,1.0,1.0,0.0,0.0
mob20_5,0.0,0.0,0.0,1.0,1.0,1.0,0.0,0.0
mob20_9,0.0,0.0,0.0,1.0,1.0,1.0,0.0,0.0
mob21_1,0.0,0.0,0.0,1.0,1.0,1.0,0.0,0.0
mob21_14,0.0,0.0,0.0,1.0,1.0,1.0,0.0,0.0
mob21_14_other,0.0,0.0,0.0,1.0,1.0,1.0,0.0,0.0
mob21_2,0.0,0.0,0.0,1.0,1.0,1.0,0.0,0.0
mob21_3,0.0,0.0,0.0,1.0,1.0,1.0,0.0,0.0
mob21_4,0.0,0.0,0.0,1.0,1.0,1.0,0.0,0.0
mob21_5,0.0,0.0,0.0,1.0,1.0,1.0,0.0,0.0
mob21_9,0.0,0.0,0.0,1.0,1.0,1.0,0.0,0.0
mob22_1,0.0,0.0,0.0,1.0,1.0,1.0,0.0,0.0
mob22_17,0.0,0.0,0.0,1.0,1.0,1.0,0.0,0.0
mob22_17_other,0.0,0.0,0.0,1.0,1.0,1.0,0.0,0.0
mob22_2,0.0,0.0,0.0,1.0,1.0,1.0,0.0,0.0
mob22_3,0.0,0.0,0.0,1.0,1.0,1.0,0.0,0.0
mob22_4,0.0,0.0,0.0,1.0,1.0,1.0,0.0,0.0
mob22_5,0.0,0.0,0.0,1.0,1.0,1.0,0.0,0.0
mob22_9,0.0,0.0,0.0,1.0,1.0,1.0,0.0,0.0
mob23_1,0.0,0.0,0.0,1.0,1.0,1.0,0.0,0.0
mob23_2,0.0,0.0,0.0,1.0,1.0,1.0,0.0,0.0
mob23_3,0.0,0.0,0.0,1.0,1.0,1.0,0.0,0.0
mob23_4,0.0,0.0,0.0,1.0,1.0,1.0,0.0,0.0
mob23_5,0.0,0.0,0.0,1.0,1.0,1.0,0.0,0.0
mob23_6,0.0,0.0,0.0,1.0,1.0,1.0,0.0,0.0
mob23_6_other,0.0,0.0,0.0,1.0,1.0,1.0,0.0,0.0
mob24,0.0,0.0,0.0,0.0,0.0,0.0,0.0,1.0
mob25_1,0.0,0.0,0.0,0.0,0.0,0.0,0.0,1.0
mob25_2,0.0,0.0,0.0,0.0,0.0,0.0,0.0,1.0
mob25_3,0.0,0.0,0.0,0.0,0.0,0.0,0.0,1.0
mob25_4,0.0,0.0,0.0,0.0,0.0,0.0,0.0,1.0
mob25_5,0.0,0.0,0.0,0.0,0.0,0.0,0.0,1.0
mob25_6,0.0,0.0,0.0,0.0,0.0,0.0,0.0,1.0
mob25_6_other,0.0,0.0,0.0,0.0,0.0,0.0,0.0,1.0
mob26,0.0,0.0,0.0,0.0,0.0,0.0,0.0,1.0
mob27,0.0,0.0,0.0,0.0,0.0,0.0,0.0,1.0
mob28,0.0,0.0,0.0,0.0,0.0,0.0,0.0,1.0
mob28_3_other,0.0,0.0,0.0,0.0,0.0,0.0,0.0,1.0
mob29_1,0.0,0.0,0.0,0.0,0.0,0.0,0.0,1.0
mob29_2,0.0,0.0,0.0,0.0,0.0,0.0,0.0,1.0
mob29_3,0.0,0.0,0.0,0.0,0.0,0.0,0.0,1.0
mob29_4,0.0,0.0,0.0,0.0,0.0,0.0,0.0,1.0
mob29_5,0.0,0.0,0.0,0.0,0.0,0.0,0.0,1.0
mob2_1,1.0,1.0,1.0,1.0,1.0,1.0,1.0,1.0
mob2_2,1.0,1.0,1.0,1.0,1.0,1.0,1.0,1.0
mob2_3,1.0,1.0,1.0,1.0,1.0,1.0,1.0,1.0
mob2_4,1.0,1.0,1.0,1.0,1.0,1.0,1.0,1.0
mob2_5,0.0,0.0,0.0,0.0,0.0,0.0,1.0,1.0
mob2_e,0.0,0.0,0.0,1.0,1.0,1.0,1.0,1.0
mob3_1,1.0,1.0,1.0,1.0,1.0,1.0,1.0,0.0
mob3_2,1.0,1.0,1.0,1.0,1.0,1.0,1.0,0.0
mob3_3,1.0,1.0,1.0,1.0,1.0,1.0,1.0,1.0
mob3_3_other,0.0,0.0,0.0,1.0,1.0,1.0,1.0,1.0
mob3_4,1.0,1.0,1.0,1.0,1.0,1.0,1.0,1.0
mob3_5,1.0,1.0,1.0,1.0,1.0,1.0,1.0,1.0
mob3_change,0.0,1.0,1.0,1.0,1.0,1.0,1.0,1.0
mob3_e_1,0.0,0.0,0.0,1.0,1.0,1.0,1.0,0.0
mob3_e_2,0.0,0.0,0.0,1.0,1.0,1.0,1.0,0.0
mob3_e_5,0.0,0.0,0.0,1.0,1.0,0.0,0.0,0.0
mob3_e_5_text,0.0,0.0,0.0,1.0,1.0,0.0,0.0,0.0
mob3b,1.0,1.0,1.0,1.0,1.0,1.0,1.0,0.0
mob3b_e,0.0,0.0,0.0,1.0,1.0,1.0,1.0,0.0
mob4_1,1.0,1.0,1.0,1.0,1.0,1.0,1.0,1.0
mob4_2,1.0,1.0,1.0,1.0,1.0,1.0,1.0,1.0
mob4_e_1,0.0,0.0,0.0,1.0,1.0,0.0,0.0,0.0
mob4_e_2,0.0,0.0,0.0,1.0,1.0,0.0,0.0,0.0
mob5_1,1.0,1.0,1.0,1.0,1.0,1.0,1.0,1.0
mob5_2,1.0,1.0,1.0,1.0,1.0,1.0,1.0,1.0
mob5_e_1,0.0,0.0,0.0,1.0,1.0,0.0,0.0,0.0
mob5_e_2,0.0,0.0,0.0,1.0,1.0,0.0,0.0,0.0
mob6,1.0,1.0,1.0,1.0,1.0,1.0,1.0,1.0
mob6_e,0.0,0.0,0.0,1.0,1.0,0.0,0.0,0.0
mob7,1.0,1.0,1.0,1.0,1.0,1.0,1.0,1.0
mob7_e,0.0,0.0,0.0,1.0,1.0,1.0,0.0,0.0
mob7a,0.0,1.0,1.0,1.0,1.0,1.0,1.0,1.0
mob7a_e,0.0,0.0,0.0,1.0,1.0,1.0,0.0,0.0
mob7b,0.0,1.0,1.0,1.0,1.0,1.0,1.0,0.0
mob7b_e,0.0,0.0,0.0,1.0,1.0,1.0,0.0,0.0
mob7c_1,0.0,0.0,1.0,1.0,1.0,1.0,1.0,0.0
mob7c_2,0.0,0.0,1.0,1.0,1.0,1.0,1.0,0.0
mob7c_e,0.0,0.0,0.0,1.0,1.0,0.0,0.0,0.0
mob8,1.0,0.0,0.0,0.0,0.0,0.0,0.0,0.0
mob9_1,1.0,1.0,1.0,1.0,1.0,1.0,1.0,1.0
mob9_2,1.0,1.0,1.0,1.0,1.0,1.0,1.0,1.0
mob9_e,0.0,0.0,0.0,1.0,1.0,0.0,0.0,0.0
psy10,0.0,0.0,0.0,1.0,1.0,1.0,1.0,0.0
psy1_1,1.0,1.0,1.0,1.0,1.0,1.0,1.0,0.0
psy1_10,1.0,1.0,1.0,1.0,1.0,1.0,1.0,0.0
psy1_11,1.0,1.0,1.0,1.0,1.0,1.0,0.0,0.0
psy1_12,1.0,1.0,1.0,1.0,1.0,1.0,0.0,0.0
psy1_2,1.0,1.0,1.0,1.0,1.0,1.0,0.0,0.0
psy1_3,1.0,1.0,1.0,1.0,1.0,1.0,0.0,0.0
psy1_4,1.0,1.0,1.0,1.0,1.0,1.0,1.0,0.0
psy1_5,1.0,1.0,1.0,1.0,1.0,1.0,0.0,0.0
psy1_6,1.0,1.0,1.0,1.0,1.0,1.0,0.0,0.0
psy1_7,1.0,1.0,1.0,1.0,1.0,1.0,0.0,0.0
psy1_8,1.0,1.0,1.0,1.0,1.0,1.0,0.0,0.0
psy1_9,1.0,1.0,1.0,1.0,1.0,1.0,1.0,0.0
psy2_1,1.0,1.0,1.0,1.0,1.0,1.0,0.0,0.0
psy2_2,1.0,1.0,1.0,1.0,1.0,1.0,0.0,0.0
psy2_3,1.0,1.0,1.0,1.0,1.0,1.0,0.0,0.0
psy2_4,1.0,1.0,1.0,1.0,1.0,1.0,0.0,0.0
psy2_5,1.0,1.0,1.0,1.0,1.0,1.0,0.0,0.0
psy2_6,1.0,1.0,1.0,1.0,1.0,1.0,0.0,0.0
psy3_1,1.0,1.0,1.0,1.0,1.0,1.0,0.0,0.0
psy3_2,1.0,1.0,1.0,1.0,1.0,1.0,0.0,0.0
psy3_3,1.0,1.0,1.0,1.0,1.0,1.0,0.0,0.0
psy3_4,1.0,1.0,1.0,1.0,1.0,1.0,0.0,0.0
psy3_5,1.0,1.0,1.0,1.0,1.0,1.0,0.0,0.0
psy3_6,1.0,1.0,1.0,1.0,1.0,1.0,0.0,0.0
psy4_1,1.0,1.0,1.0,1.0,1.0,1.0,1.0,1.0
psy4_10,1.0,1.0,1.0,1.0,1.0,1.0,1.0,1.0
psy4_11,1.0,1.0,1.0,1.0,1.0,1.0,1.0,1.0
psy4_12,1.0,1.0,1.0,1.0,1.0,1.0,1.0,1.0
psy4_13,1.0,1.0,1.0,1.0,1.0,1.0,1.0,1.0
psy4_14,1.0,1.0,1.0,1.0,1.0,1.0,1.0,1.0
psy4_15,1.0,1.0,1.0,1.0,1.0,1.0,1.0,1.0
psy4_16,1.0,1.0,1.0,1.0,1.0,1.0,1.0,1.0
psy4_2,1.0,1.0,1.0,1.0,1.0,1.0,1.0,1.0
psy4_3,1.0,1.0,1.0,1.0,1.0,1.0,1.0,1.0
psy4_4,1.0,1.0,1.0,1.0,1.0,1.0,1.0,1.0
psy4_5,1.0,1.0,1.0,1.0,1.0,1.0,1.0,1.0
psy4_6,1.0,1.0,1.0,1.0,1.0,1.0,1.0,1.0
psy4_7,1.0,1.0,1.0,1.0,1.0,1.0,1.0,1.0
psy4_8,1.0,1.0,1.0,1.0,1.0,1.0,1.0,1.0
psy4_9,1.0,1.0,1.0,1.0,1.0,1.0,1.0,1.0
psy5_1,1.0,0.0,0.0,0.0,0.0,0.0,0.0,0.0
psy5_2,1.0,0.0,0.0,0.0,0.0,0.0,0.0,0.0
psy5_3,1.0,0.0,0.0,0.0,0.0,0.0,0.0,0.0
psy5_4,1.0,0.0,0.0,0.0,0.0,0.0,0.0,0.0
psy5a_1,0.0,1.0,1.0,1.0,1.0,1.0,1.0,0.0
psy5a_2,0.0,1.0,1.0,1.0,1.0,1.0,1.0,1.0
psy5a_3,0.0,1.0,1.0,1.0,1.0,1.0,1.0,1.0
psy5a_4,0.0,1.0,1.0,1.0,1.0,1.0,1.0,1.0
psy5a_5,0.0,0.0,1.0,1.0,1.0,1.0,1.0,1.0
psy6_1,1.0,1.0,1.0,1.0,1.0,1.0,0.0,0.0
psy6_2,1.0,1.0,1.0,1.0,1.0,1.0,1.0,1.0
psy6_3,1.0,1.0,1.0,1.0,1.0,1.0,0.0,0.0
psy6_4,1.0,1.0,1.0,1.0,1.0,1.0,1.0,1.0
psy6_5,1.0,1.0,1.0,1.0,1.0,1.0,0.0,0.0
psy6_6,1.0,1.0,1.0,1.0,1.0,1.0,0.0,0.0
psy6_7,1.0,1.0,1.0,1.0,1.0,1.0,1.0,1.0
psy7,1.0,1.0,1.0,1.0,1.0,1.0,1.0,1.0
psy8_1,0.0,1.0,1.0,1.0,1.0,1.0,1.0,1.0
psy8_2,0.0,1.0,1.0,1.0,1.0,1.0,1.0,1.0
psy8_3,0.0,1.0,1.0,1.0,1.0,1.0,1.0,1.0
psy8_4,0.0,1.0,1.0,1.0,1.0,1.0,1.0,1.0
psy8_5,0.0,0.0,0.0,0.0,1.0,1.0,1.0,1.0
psy9_1,0.0,0.0,0.0,1.0,0.0,0.0,0.0,0.0
psy9_2,0.0,0.0,0.0,1.0,0.0,0.0,0.0,0.0
psy9_3,0.0,0.0,0.0,1.0,0.0,0.0,0.0,0.0
psy9_4,0.0,0.0,0.0,1.0,0.0,0.0,0.0,0.0
psy9_5,0.0,0.0,0.0,1.0,0.0,0.0,0.0,0.0
psy9_6,0.0,0.0,0.0,1.0,0.0,0.0,0.0,0.0
psy9_7,0.0,0.0,0.0,1.0,0.0,0.0,0.0,0.0
renov1_1_0,0.0,0.0,0.0,0.0,1.0,1.0,0.0,0.0
renov1_1_1,0.0,0.0,0.0,0.0,1.0,1.0,0.0,0.0
renov1_1_10,0.0,0.0,0.0,0.0,0.0,1.0,0.0,0.0
renov1_1_2,0.0,0.0,0.0,0.0,1.0,1.0,0.0,0.0
renov1_1_3,0.0,0.0,0.0,0.0,1.0,1.0,0.0,0.0
renov1_1_4,0.0,0.0,0.0,0.0,1.0,1.0,0.0,0.0
renov1_1_5,0.0,0.0,0.0,0.0,1.0,1.0,0.0,0.0
renov1_1_6,0.0,0.0,0.0,0.0,1.0,1.0,0.0,0.0
renov1_1_7,0.0,0.0,0.0,0.0,1.0,1.0,0.0,0.0
renov1_1_8,0.0,0.0,0.0,0.0,1.0,1.0,0.0,0.0
renov1_1_9,0.0,0.0,0.0,0.0,1.0,1.0,0.0,0.0
renov1_2_0,0.0,0.0,0.0,0.0,1.0,1.0,0.0,0.0
renov1_2_1,0.0,0.0,0.0,0.0,1.0,1.0,0.0,0.0
renov1_2_10,0.0,0.0,0.0,0.0,0.0,1.0,0.0,0.0
renov1_2_2,0.0,0.0,0.0,0.0,1.0,1.0,0.0,0.0
renov1_2_3,0.0,0.0,0.0,0.0,1.0,1.0,0.0,0.0
renov1_2_4,0.0,0.0,0.0,0.0,1.0,1.0,0.0,0.0
renov1_2_5,0.0,0.0,0.0,0.0,1.0,1.0,0.0,0.0
renov1_2_6,0.0,0.0,0.0,0.0,1.0,1.0,0.0,0.0
renov1_2_7,0.0,0.0,0.0,0.0,1.0,1.0,0.0,0.0
renov1_2_8,0.0,0.0,0.0,0.0,1.0,1.0,0.0,0.0
renov1_2_9,0.0,0.0,0.0,0.0,1.0,1.0,0.0,0.0
renov1_3_0,0.0,0.0,0.0,0.0,1.0,1.0,0.0,0.0
renov1_3_1,0.0,0.0,0.0,0.0,1.0,1.0,0.0,0.0
renov1_3_10,0.0,0.0,0.0,0.0,0.0,1.0,0.0,0.0
renov1_3_2,0.0,0.0,0.0,0.0,1.0,1.0,0.0,0.0
renov1_3_3,0.0,0.0,0.0,0.0,1.0,1.0,0.0,0.0
renov1_3_4,0.0,0.0,0.0,0.0,1.0,1.0,0.0,0.0
renov1_3_5,0.0,0.0,0.0,0.0,1.0,1.0,0.0,0.0
renov1_3_6,0.0,0.0,0.0,0.0,1.0,1.0,0.0,0.0
renov1_3_7,0.0,0.0,0.0,0.0,1.0,1.0,0.0,0.0
renov1_3_8,0.0,0.0,0.0,0.0,1.0,1.0,0.0,0.0
renov1_3_9,0.0,0.0,0.0,0.0,1.0,1.0,0.0,0.0
renov1_3_other,0.0,0.0,0.0,0.0,1.0,1.0,0.0,0.0
renov2_1_0,0.0,0.0,0.0,0.0,1.0,1.0,0.0,0.0
renov2_1_1,0.0,0.0,0.0,0.0,1.0,1.0,0.0,0.0
renov2_1_10,0.0,0.0,0.0,0.0,0.0,1.0,0.0,0.0
renov2_1_2,0.0,0.0,0.0,0.0,1.0,1.0,0.0,0.0
renov2_1_3,0.0,0.0,0.0,0.0,1.0,1.0,0.0,0.0
renov2_1_4,0.0,0.0,0.0,0.0,1.0,1.0,0.0,0.0
renov2_1_5,0.0,0.0,0.0,0.0,1.0,1.0,0.0,0.0
renov2_1_6,0.0,0.0,0.0,0.0,1.0,1.0,0.0,0.0
renov2_1_7,0.0,0.0,0.0,0.0,1.0,1.0,0.0,0.0
renov2_1_8,0.0,0.0,0.0,0.0,1.0,1.0,0.0,0.0
renov2_1_9,0.0,0.0,0.0,0.0,1.0,1.0,0.0,0.0
renov2_2_0,0.0,0.0,0.0,0.0,1.0,1.0,0.0,0.0
renov2_2_1,0.0,0.0,0.0,0.0,1.0,1.0,0.0,0.0
renov2_2_10,0.0,0.0,0.0,0.0,0.0,1.0,0.0,0.0
renov2_2_2,0.0,0.0,0.0,0.0,1.0,1.0,0.0,0.0
renov2_2_3,0.0,0.0,0.0,0.0,1.0,1.0,0.0,0.0
renov2_2_4,0.0,0.0,0.0,0.0,1.0,1.0,0.0,0.0
renov2_2_5,0.0,0.0,0.0,0.0,1.0,1.0,0.0,0.0
renov2_2_6,0.0,0.0,0.0,0.0,1.0,1.0,0.0,0.0
renov2_2_7,0.0,0.0,0.0,0.0,1.0,1.0,0.0,0.0
renov2_2_8,0.0,0.0,0.0,0.0,1.0,1.0,0.0,0.0
renov2_2_9,0.0,0.0,0.0,0.0,1.0,1.0,0.0,0.0
renov2_3_0,0.0,0.0,0.0,0.0,1.0,1.0,0.0,0.0
renov2_3_1,0.0,0.0,0.0,0.0,1.0,1.0,0.0,0.0
renov2_3_10,0.0,0.0,0.0,0.0,0.0,1.0,0.0,0.0
renov2_3_2,0.0,0.0,0.0,0.0,1.0,1.0,0.0,0.0
renov2_3_3,0.0,0.0,0.0,0.0,1.0,1.0,0.0,0.0
renov2_3_4,0.0,0.0,0.0,0.0,1.0,1.0,0.0,0.0
renov2_3_5,0.0,0.0,0.0,0.0,1.0,1.0,0.0,0.0
renov2_3_6,0.0,0.0,0.0,0.0,1.0,1.0,0.0,0.0
renov2_3_7,0.0,0.0,0.0,0.0,1.0,1.0,0.0,0.0
renov2_3_8,0.0,0.0,0.0,0.0,1.0,1.0,0.0,0.0
renov2_3_9,0.0,0.0,0.0,0.0,1.0,1.0,0.0,0.0
renov2_4_0,0.0,0.0,0.0,0.0,1.0,1.0,0.0,0.0
renov2_4_1,0.0,0.0,0.0,0.0,1.0,1.0,0.0,0.0
renov2_4_10,0.0,0.0,0.0,0.0,0.0,1.0,0.0,0.0
renov2_4_2,0.0,0.0,0.0,0.0,1.0,1.0,0.0,0.0
renov2_4_3,0.0,0.0,0.0,0.0,1.0,1.0,0.0,0.0
renov2_4_4,0.0,0.0,0.0,0.0,1.0,1.0,0.0,0.0
renov2_4_5,0.0,0.0,0.0,0.0,1.0,1.0,0.0,0.0
renov2_4_6,0.0,0.0,0.0,0.0,1.0,1.0,0.0,0.0
renov2_4_7,0.0,0.0,0.0,0.0,1.0,1.0,0.0,0.0
renov2_4_8,0.0,0.0,0.0,0.0,1.0,1.0,0.0,0.0
renov2_4_9,0.0,0.0,0.0,0.0,1.0,1.0,0.0,0.0
renov2_5_0,0.0,0.0,0.0,0.0,1.0,1.0,0.0,0.0
renov2_5_1,0.0,0.0,0.0,0.0,1.0,1.0,0.0,0.0
renov2_5_10,0.0,0.0,0.0,0.0,0.0,1.0,0.0,0.0
renov2_5_2,0.0,0.0,0.0,0.0,1.0,1.0,0.0,0.0
renov2_5_3,0.0,0.0,0.0,0.0,1.0,1.0,0.0,0.0
renov2_5_4,0.0,0.0,0.0,0.0,1.0,1.0,0.0,0.0
renov2_5_5,0.0,0.0,0.0,0.0,1.0,1.0,0.0,0.0
renov2_5_6,0.0,0.0,0.0,0.0,1.0,1.0,0.0,0.0
renov2_5_7,0.0,0.0,0.0,0.0,1.0,1.0,0.0,0.0
renov2_5_8,0.0,0.0,0.0,0.0,1.0,1.0,0.0,0.0
renov2_5_9,0.0,0.0,0.0,0.0,1.0,1.0,0.0,0.0
renov2_5_other,0.0,0.0,0.0,0.0,1.0,1.0,0.0,0.0
renov2a_1_1,0.0,0.0,0.0,0.0,1.0,1.0,0.0,0.0
renov2a_1_2,0.0,0.0,0.0,0.0,1.0,1.0,0.0,0.0
renov2a_1_3,0.0,0.0,0.0,0.0,1.0,1.0,0.0,0.0
renov2a_1_4,0.0,0.0,0.0,0.0,1.0,1.0,0.0,0.0
renov2a_1_5,0.0,0.0,0.0,0.0,1.0,1.0,0.0,0.0
renov2a_1_6,0.0,0.0,0.0,0.0,1.0,1.0,0.0,0.0
renov2a_1_7,0.0,0.0,0.0,0.0,1.0,1.0,0.0,0.0
renov2a_1_8,0.0,0.0,0.0,0.0,1.0,1.0,0.0,0.0
renov2a_1_9,0.0,0.0,0.0,0.0,1.0,1.0,0.0,0.0
renov2a_2_1,0.0,0.0,0.0,0.0,1.0,1.0,0.0,0.0
renov2a_2_2,0.0,0.0,0.0,0.0,1.0,1.0,0.0,0.0
renov2a_2_3,0.0,0.0,0.0,0.0,1.0,1.0,0.0,0.0
renov2a_2_4,0.0,0.0,0.0,0.0,1.0,1.0,0.0,0.0
renov2a_2_5,0.0,0.0,0.0,0.0,1.0,1.0,0.0,0.0
renov2a_2_6,0.0,0.0,0.0,0.0,1.0,1.0,0.0,0.0
renov2a_2_7,0.0,0.0,0.0,0.0,1.0,1.0,0.0,0.0
renov2a_2_8,0.0,0.0,0.0,0.0,1.0,1.0,0.0,0.0
renov2a_2_9,0.0,0.0,0.0,0.0,1.0,1.0,0.0,0.0
renov2b_1,0.0,0.0,0.0,0.0,1.0,1.0,0.0,0.0
renov2b_2,0.0,0.0,0.0,0.0,1.0,1.0,0.0,0.0
renov2b_3,0.0,0.0,0.0,0.0,1.0,1.0,0.0,0.0
renov2c_1,0.0,0.0,0.0,0.0,1.0,1.0,0.0,0.0
renov2c_2,0.0,0.0,0.0,0.0,1.0,1.0,0.0,0.0
renov3_1_0,0.0,0.0,0.0,0.0,1.0,1.0,0.0,0.0
renov3_1_1,0.0,0.0,0.0,0.0,1.0,1.0,0.0,0.0
renov3_1_10,0.0,0.0,0.0,0.0,0.0,1.0,0.0,0.0
renov3_1_2,0.0,0.0,0.0,0.0,1.0,1.0,0.0,0.0
renov3_1_3,0.0,0.0,0.0,0.0,1.0,1.0,0.0,0.0
renov3_1_4,0.0,0.0,0.0,0.0,1.0,1.0,0.0,0.0
renov3_1_5,0.0,0.0,0.0,0.0,1.0,1.0,0.0,0.0
renov3_1_6,0.0,0.0,0.0,0.0,1.0,1.0,0.0,0.0
renov3_1_7,0.0,0.0,0.0,0.0,1.0,1.0,0.0,0.0
renov3_1_8,0.0,0.0,0.0,0.0,1.0,1.0,0.0,0.0
renov3_1_9,0.0,0.0,0.0,0.0,1.0,1.0,0.0,0.0
renov3_2_0,0.0,0.0,0.0,0.0,1.0,1.0,0.0,0.0
renov3_2_1,0.0,0.0,0.0,0.0,1.0,1.0,0.0,0.0
renov3_2_10,0.0,0.0,0.0,0.0,0.0,1.0,0.0,0.0
renov3_2_2,0.0,0.0,0.0,0.0,1.0,1.0,0.0,0.0
renov3_2_3,0.0,0.0,0.0,0.0,1.0,1.0,0.0,0.0
renov3_2_4,0.0,0.0,0.0,0.0,1.0,1.0,0.0,0.0
renov3_2_5,0.0,0.0,0.0,0.0,1.0,1.0,0.0,0.0
renov3_2_6,0.0,0.0,0.0,0.0,1.0,1.0,0.0,0.0
renov3_2_7,0.0,0.0,0.0,0.0,1.0,1.0,0.0,0.0
renov3_2_8,0.0,0.0,0.0,0.0,1.0,1.0,0.0,0.0
renov3_2_9,0.0,0.0,0.0,0.0,1.0,1.0,0.0,0.0
renov3_3_0,0.0,0.0,0.0,0.0,1.0,1.0,0.0,0.0
renov3_3_1,0.0,0.0,0.0,0.0,1.0,1.0,0.0,0.0
renov3_3_10,0.0,0.0,0.0,0.0,0.0,1.0,0.0,0.0
renov3_3_2,0.0,0.0,0.0,0.0,1.0,1.0,0.0,0.0
renov3_3_3,0.0,0.0,0.0,0.0,1.0,1.0,0.0,0.0
renov3_3_4,0.0,0.0,0.0,0.0,1.0,1.0,0.0,0.0
renov3_3_5,0.0,0.0,0.0,0.0,1.0,1.0,0.0,0.0
renov3_3_6,0.0,0.0,0.0,0.0,1.0,1.0,0.0,0.0
renov3_3_7,0.0,0.0,0.0,0.0,1.0,1.0,0.0,0.0
renov3_3_8,0.0,0.0,0.0,0.0,1.0,1.0,0.0,0.0
renov3_3_9,0.0,0.0,0.0,0.0,1.0,1.0,0.0,0.0
renov3_4_0,0.0,0.0,0.0,0.0,1.0,1.0,0.0,0.0
renov3_4_1,0.0,0.0,0.0,0.0,1.0,1.0,0.0,0.0
renov3_4_10,0.0,0.0,0.0,0.0,0.0,1.0,0.0,0.0
renov3_4_2,0.0,0.0,0.0,0.0,1.0,1.0,0.0,0.0
renov3_4_3,0.0,0.0,0.0,0.0,1.0,1.0,0.0,0.0
renov3_4_4,0.0,0.0,0.0,0.0,1.0,1.0,0.0,0.0
renov3_4_5,0.0,0.0,0.0,0.0,1.0,1.0,0.0,0.0
renov3_4_6,0.0,0.0,0.0,0.0,1.0,1.0,0.0,0.0
renov3_4_7,0.0,0.0,0.0,0.0,1.0,1.0,0.0,0.0
renov3_4_8,0.0,0.0,0.0,0.0,1.0,1.0,0.0,0.0
renov3_4_9,0.0,0.0,0.0,0.0,1.0,1.0,0.0,0.0
renov3_4_other,0.0,0.0,0.0,0.0,1.0,1.0,0.0,0.0
renov4_1_0,0.0,0.0,0.0,0.0,1.0,1.0,0.0,0.0
renov4_1_1,0.0,0.0,0.0,0.0,1.0,1.0,0.0,0.0
renov4_1_10,0.0,0.0,0.0,0.0,0.0,1.0,0.0,0.0
renov4_1_2,0.0,0.0,0.0,0.0,1.0,1.0,0.0,0.0
renov4_1_3,0.0,0.0,0.0,0.0,1.0,1.0,0.0,0.0
renov4_1_4,0.0,0.0,0.0,0.0,1.0,1.0,0.0,0.0
renov4_1_5,0.0,0.0,0.0,0.0,1.0,1.0,0.0,0.0
renov4_1_6,0.0,0.0,0.0,0.0,1.0,1.0,0.0,0.0
renov4_1_7,0.0,0.0,0.0,0.0,1.0,1.0,0.0,0.0
renov4_1_8,0.0,0.0,0.0,0.0,1.0,1.0,0.0,0.0
renov4_1_9,0.0,0.0,0.0,0.0,1.0,1.0,0.0,0.0
renov4_2_0,0.0,0.0,0.0,0.0,1.0,1.0,0.0,0.0
renov4_2_1,0.0,0.0,0.0,0.0,1.0,1.0,0.0,0.0
renov4_2_10,0.0,0.0,0.0,0.0,0.0,1.0,0.0,0.0
renov4_2_2,0.0,0.0,0.0,0.0,1.0,1.0,0.0,0.0
renov4_2_3,0.0,0.0,0.0,0.0,1.0,1.0,0.0,0.0
renov4_2_4,0.0,0.0,0.0,0.0,1.0,1.0,0.0,0.0
renov4_2_5,0.0,0.0,0.0,0.0,1.0,1.0,0.0,0.0
renov4_2_6,0.0,0.0,0.0,0.0,1.0,1.0,0.0,0.0
renov4_2_7,0.0,0.0,0.0,0.0,1.0,1.0,0.0,0.0
renov4_2_8,0.0,0.0,0.0,0.0,1.0,1.0,0.0,0.0
renov4_2_9,0.0,0.0,0.0,0.0,1.0,1.0,0.0,0.0
renov4_3_0,0.0,0.0,0.0,0.0,1.0,1.0,0.0,0.0
renov4_3_1,0.0,0.0,0.0,0.0,1.0,1.0,0.0,0.0
renov4_3_10,0.0,0.0,0.0,0.0,0.0,1.0,0.0,0.0
renov4_3_2,0.0,0.0,0.0,0.0,1.0,1.0,0.0,0.0
renov4_3_3,0.0,0.0,0.0,0.0,1.0,1.0,0.0,0.0
renov4_3_4,0.0,0.0,0.0,0.0,1.0,1.0,0.0,0.0
renov4_3_5,0.0,0.0,0.0,0.0,1.0,1.0,0.0,0.0
renov4_3_6,0.0,0.0,0.0,0.0,1.0,1.0,0.0,0.0
renov4_3_7,0.0,0.0,0.0,0.0,1.0,1.0,0.0,0.0
renov4_3_8,0.0,0.0,0.0,0.0,1.0,1.0,0.0,0.0
renov4_3_9,0.0,0.0,0.0,0.0,1.0,1.0,0.0,0.0
renov4_4_0,0.0,0.0,0.0,0.0,1.0,1.0,0.0,0.0
renov4_4_1,0.0,0.0,0.0,0.0,1.0,1.0,0.0,0.0
renov4_4_10,0.0,0.0,0.0,0.0,0.0,1.0,0.0,0.0
renov4_4_2,0.0,0.0,0.0,0.0,1.0,1.0,0.0,0.0
renov4_4_3,0.0,0.0,0.0,0.0,1.0,1.0,0.0,0.0
renov4_4_4,0.0,0.0,0.0,0.0,1.0,1.0,0.0,0.0
renov4_4_5,0.0,0.0,0.0,0.0,1.0,1.0,0.0,0.0
renov4_4_6,0.0,0.0,0.0,0.0,1.0,1.0,0.0,0.0
renov4_4_7,0.0,0.0,0.0,0.0,1.0,1.0,0.0,0.0
renov4_4_8,0.0,0.0,0.0,0.0,1.0,1.0,0.0,0.0
renov4_4_9,0.0,0.0,0.0,0.0,1.0,1.0,0.0,0.0
renov4_5_0,0.0,0.0,0.0,0.0,1.0,1.0,0.0,0.0
renov4_5_1,0.0,0.0,0.0,0.0,1.0,1.0,0.0,0.0
renov4_5_10,0.0,0.0,0.0,0.0,0.0,1.0,0.0,0.0
renov4_5_2,0.0,0.0,0.0,0.0,1.0,1.0,0.0,0.0
renov4_5_3,0.0,0.0,0.0,0.0,1.0,1.0,0.0,0.0
renov4_5_4,0.0,0.0,0.0,0.0,1.0,1.0,0.0,0.0
renov4_5_5,0.0,0.0,0.0,0.0,1.0,1.0,0.0,0.0
renov4_5_6,0.0,0.0,0.0,0.0,1.0,1.0,0.0,0.0
renov4_5_7,0.0,0.0,0.0,0.0,1.0,1.0,0.0,0.0
renov4_5_8,0.0,0.0,0.0,0.0,1.0,1.0,0.0,0.0
renov4_5_9,0.0,0.0,0.0,0.0,1.0,1.0,0.0,0.0
renov4_6_0,0.0,0.0,0.0,0.0,1.0,1.0,0.0,0.0
renov4_6_1,0.0,0.0,0.0,0.0,1.0,1.0,0.0,0.0
renov4_6_10,0.0,0.0,0.0,0.0,0.0,1.0,0.0,0.0
renov4_6_2,0.0,0.0,0.0,0.0,1.0,1.0,0.0,0.0
renov4_6_3,0.0,0.0,0.0,0.0,1.0,1.0,0.0,0.0
renov4_6_4,0.0,0.0,0.0,0.0,1.0,1.0,0.0,0.0
renov4_6_5,0.0,0.0,0.0,0.0,1.0,1.0,0.0,0.0
renov4_6_6,0.0,0.0,0.0,0.0,1.0,1.0,0.0,0.0
renov4_6_7,0.0,0.0,0.0,0.0,1.0,1.0,0.0,0.0
renov4_6_8,0.0,0.0,0.0,0.0,1.0,1.0,0.0,0.0
renov4_6_9,0.0,0.0,0.0,0.0,1.0,1.0,0.0,0.0
renov4_6_other,0.0,0.0,0.0,0.0,1.0,1.0,0.0,0.0
renov5a_1_1,0.0,0.0,0.0,0.0,1.0,0.0,0.0,0.0
renov5a_1_2,0.0,0.0,0.0,0.0,1.0,0.0,0.0,0.0
renov5a_1_3,0.0,0.0,0.0,0.0,1.0,0.0,0.0,0.0
renov5a_1_4,0.0,0.0,0.0,0.0,1.0,0.0,0.0,0.0
renov5a_1_5,0.0,0.0,0.0,0.0,1.0,0.0,0.0,0.0
renov5a_1_6,0.0,0.0,0.0,0.0,1.0,0.0,0.0,0.0
renov5a_1_7,0.0,0.0,0.0,0.0,1.0,0.0,0.0,0.0
renov5a_1_8,0.0,0.0,0.0,0.0,1.0,0.0,0.0,0.0
renov5a_1_9,0.0,0.0,0.0,0.0,1.0,0.0,0.0,0.0
renov5a_2_1,0.0,0.0,0.0,0.0,1.0,0.0,0.0,0.0
renov5a_2_2,0.0,0.0,0.0,0.0,1.0,0.0,0.0,0.0
renov5a_2_3,0.0,0.0,0.0,0.0,1.0,0.0,0.0,0.0
renov5a_2_4,0.0,0.0,0.0,0.0,1.0,0.0,0.0,0.0
renov5a_2_5,0.0,0.0,0.0,0.0,1.0,0.0,0.0,0.0
renov5a_2_6,0.0,0.0,0.0,0.0,1.0,0.0,0.0,0.0
renov5a_2_7,0.0,0.0,0.0,0.0,1.0,0.0,0.0,0.0
renov5a_2_8,0.0,0.0,0.0,0.0,1.0,0.0,0.0,0.0
renov5a_2_9,0.0,0.0,0.0,0.0,1.0,0.0,0.0,0.0
renov5a_3_1,0.0,0.0,0.0,0.0,1.0,0.0,0.0,0.0
renov5a_3_2,0.0,0.0,0.0,0.0,1.0,0.0,0.0,0.0
renov5a_3_3,0.0,0.0,0.0,0.0,1.0,0.0,0.0,0.0
renov5a_3_4,0.0,0.0,0.0,0.0,1.0,0.0,0.0,0.0
renov5a_3_5,0.0,0.0,0.0,0.0,1.0,0.0,0.0,0.0
renov5a_3_6,0.0,0.0,0.0,0.0,1.0,0.0,0.0,0.0
renov5a_3_7,0.0,0.0,0.0,0.0,1.0,0.0,0.0,0.0
renov5a_3_8,0.0,0.0,0.0,0.0,1.0,0.0,0.0,0.0
renov5a_3_9,0.0,0.0,0.0,0.0,1.0,0.0,0.0,0.0
renov5a_4_1,0.0,0.0,0.0,0.0,1.0,0.0,0.0,0.0
renov5a_4_2,0.0,0.0,0.0,0.0,1.0,0.0,0.0,0.0
renov5a_4_3,0.0,0.0,0.0,0.0,1.0,0.0,0.0,0.0
renov5a_4_4,0.0,0.0,0.0,0.0,1.0,0.0,0.0,0.0
renov5a_4_5,0.0,0.0,0.0,0.0,1.0,0.0,0.0,0.0
renov5a_4_6,0.0,0.0,0.0,0.0,1.0,0.0,0.0,0.0
renov5a_4_7,0.0,0.0,0.0,0.0,1.0,0.0,0.0,0.0
renov5a_4_8,0.0,0.0,0.0,0.0,1.0,0.0,0.0,0.0
renov5a_4_9,0.0,0.0,0.0,0.0,1.0,0.0,0.0,0.0
renov5b_1_1,0.0,0.0,0.0,0.0,1.0,0.0,0.0,0.0
renov5b_1_2,0.0,0.0,0.0,0.0,1.0,0.0,0.0,0.0
renov5b_1_3,0.0,0.0,0.0,0.0,1.0,0.0,0.0,0.0
renov5b_1_4,0.0,0.0,0.0,0.0,1.0,0.0,0.0,0.0
renov5b_1_5,0.0,0.0,0.0,0.0,1.0,0.0,0.0,0.0
renov5b_1_6,0.0,0.0,0.0,0.0,1.0,0.0,0.0,0.0
renov5b_1_7,0.0,0.0,0.0,0.0,1.0,0.0,0.0,0.0
renov5b_1_8,0.0,0.0,0.0,0.0,1.0,0.0,0.0,0.0
renov5b_2_1,0.0,0.0,0.0,0.0,1.0,0.0,0.0,0.0
renov5b_2_2,0.0,0.0,0.0,0.0,1.0,0.0,0.0,0.0
renov5b_2_3,0.0,0.0,0.0,0.0,1.0,0.0,0.0,0.0
renov5b_2_4,0.0,0.0,0.0,0.0,1.0,0.0,0.0,0.0
renov5b_2_5,0.0,0.0,0.0,0.0,1.0,0.0,0.0,0.0
renov5b_2_6,0.0,0.0,0.0,0.0,1.0,0.0,0.0,0.0
renov5b_2_7,0.0,0.0,0.0,0.0,1.0,0.0,0.0,0.0
renov5b_2_8,0.0,0.0,0.0,0.0,1.0,0.0,0.0,0.0
renov5b_3_1,0.0,0.0,0.0,0.0,1.0,0.0,0.0,0.0
renov5b_3_2,0.0,0.0,0.0,0.0,1.0,0.0,0.0,0.0
renov5b_3_3,0.0,0.0,0.0,0.0,1.0,0.0,0.0,0.0
renov5b_3_4,0.0,0.0,0.0,0.0,1.0,0.0,0.0,0.0
renov5b_3_5,0.0,0.0,0.0,0.0,1.0,0.0,0.0,0.0
renov5b_3_6,0.0,0.0,0.0,0.0,1.0,0.0,0.0,0.0
renov5b_3_7,0.0,0.0,0.0,0.0,1.0,0.0,0.0,0.0
renov5b_3_8,0.0,0.0,0.0,0.0,1.0,0.0,0.0,0.0
renov5b_4_1,0.0,0.0,0.0,0.0,1.0,0.0,0.0,0.0
renov5b_4_2,0.0,0.0,0.0,0.0,1.0,0.0,0.0,0.0
renov5b_4_3,0.0,0.0,0.0,0.0,1.0,0.0,0.0,0.0
renov5b_4_4,0.0,0.0,0.0,0.0,1.0,0.0,0.0,0.0
renov5b_4_5,0.0,0.0,0.0,0.0,1.0,0.0,0.0,0.0
renov5b_4_6,0.0,0.0,0.0,0.0,1.0,0.0,0.0,0.0
renov5b_4_7,0.0,0.0,0.0,0.0,1.0,0.0,0.0,0.0
renov5b_4_8,0.0,0.0,0.0,0.0,1.0,0.0,0.0,0.0
renov5d_1,0.0,0.0,0.0,0.0,1.0,0.0,0.0,0.0
renov5d_2,0.0,0.0,0.0,0.0,1.0,0.0,0.0,0.0
renov5d_3,0.0,0.0,0.0,0.0,1.0,0.0,0.0,0.0
renov5d_4,0.0,0.0,0.0,0.0,1.0,0.0,0.0,0.0
renov5d_5,0.0,0.0,0.0,0.0,1.0,0.0,0.0,0.0
renov5d_6,0.0,0.0,0.0,0.0,1.0,0.0,0.0,0.0
renov5d_7,0.0,0.0,0.0,0.0,1.0,0.0,0.0,0.0
renov5d_7_other,0.0,0.0,0.0,0.0,1.0,0.0,0.0,0.0
seco1_1,1.0,1.0,0.0,0.0,0.0,0.0,0.0,0.0
seco1_2,1.0,1.0,0.0,0.0,0.0,0.0,0.0,0.0
seco1a_1f,0.0,0.0,1.0,1.0,1.0,1.0,0.0,0.0
seco1a_1m,0.0,0.0,1.0,1.0,1.0,1.0,0.0,0.0
seco1a_2f,0.0,0.0,1.0,1.0,1.0,1.0,0.0,0.0
seco1a_2m,0.0,0.0,1.0,1.0,1.0,1.0,0.0,0.0
seco1a_3f,0.0,0.0,1.0,1.0,1.0,1.0,0.0,0.0
seco1a_3m,0.0,0.0,1.0,1.0,1.0,1.0,0.0,0.0
seco1a_4f,0.0,0.0,1.0,1.0,1.0,1.0,0.0,0.0
seco1a_4m,0.0,0.0,1.0,1.0,1.0,1.0,0.0,0.0
seco1b_1,0.0,0.0,0.0,0.0,0.0,0.0,1.0,1.0
seco1b_2,0.0,0.0,0.0,0.0,0.0,0.0,1.0,1.0
seco1b_3,0.0,0.0,0.0,0.0,0.0,0.0,1.0,1.0
seco1b_4,0.0,0.0,0.0,0.0,0.0,0.0,1.0,1.0
seco1b_5,0.0,0.0,0.0,0.0,0.0,0.0,0.0,1.0
seco1b_6,0.0,0.0,0.0,0.0,0.0,0.0,0.0,1.0
seco1b_7,0.0,0.0,0.0,0.0,0.0,0.0,0.0,1.0
seco2_1,1.0,1.0,1.0,1.0,1.0,1.0,1.0,1.0
seco2_2,1.0,1.0,1.0,1.0,1.0,1.0,1.0,1.0
seco2_3,1.0,1.0,1.0,1.0,1.0,1.0,1.0,1.0
seco3,1.0,1.0,1.0,1.0,1.0,1.0,1.0,1.0
seco4_1,1.0,1.0,1.0,1.0,1.0,1.0,1.0,1.0
seco4_2,1.0,1.0,1.0,1.0,1.0,1.0,1.0,1.0
seco5,1.0,1.0,1.0,1.0,1.0,1.0,1.0,1.0
seco6_1,1.0,0.0,0.0,0.0,0.0,0.0,0.0,0.0
seco6_2,1.0,0.0,0.0,0.0,0.0,0.0,0.0,0.0
seco6_3,1.0,0.0,0.0,0.0,0.0,0.0,0.0,0.0
seco6_4,1.0,0.0,0.0,0.0,0.0,0.0,0.0,0.0
seco6_5,1.0,0.0,0.0,0.0,0.0,0.0,0.0,0.0
seco6_6,1.0,0.0,0.0,0.0,0.0,0.0,0.0,0.0
seco6_7,1.0,0.0,0.0,0.0,0.0,0.0,0.0,0.0
seco6_8,1.0,0.0,0.0,0.0,0.0,0.0,0.0,0.0
seco7_1,1.0,0.0,0.0,0.0,0.0,0.0,0.0,0.0
seco7_2,1.0,0.0,0.0,0.0,0.0,0.0,0.0,0.0
seco7_3,1.0,0.0,0.0,0.0,0.0,0.0,0.0,0.0
seco7_4,1.0,0.0,0.0,0.0,0.0,0.0,0.0,0.0
seco7_5,1.0,0.0,0.0,0.0,0.0,0.0,0.0,0.0
seco7_6,1.0,0.0,0.0,0.0,0.0,0.0,0.0,0.0
seco7_7,1.0,0.0,0.0,0.0,0.0,0.0,0.0,0.0
seco7_8,1.0,0.0,0.0,0.0,0.0,0.0,0.0,0.0
seco7_9,1.0,0.0,0.0,0.0,0.0,0.0,0.0,0.0
seco_change,0.0,1.0,0.0,0.0,0.0,0.0,0.0,0.0
soc10_1,0.0,1.0,1.0,1.0,1.0,1.0,0.0,0.0
soc10_10,0.0,1.0,1.0,1.0,1.0,1.0,0.0,0.0
soc10_11,0.0,1.0,1.0,1.0,1.0,1.0,0.0,0.0
soc10_12,0.0,1.0,1.0,1.0,1.0,1.0,0.0,0.0
soc10_13,0.0,1.0,1.0,1.0,1.0,1.0,0.0,0.0
soc10_14,0.0,1.0,1.0,1.0,1.0,1.0,0.0,0.0
soc10_2,0.0,1.0,1.0,1.0,1.0,1.0,0.0,0.0
soc10_3,0.0,1.0,1.0,1.0,1.0,1.0,0.0,1.0
soc10_4,0.0,1.0,1.0,1.0,1.0,1.0,0.0,0.0
soc10_5,0.0,1.0,1.0,1.0,1.0,1.0,0.0,0.0
soc10_6,0.0,1.0,1.0,1.0,1.0,1.0,0.0,0.0
soc10_7,0.0,1.0,1.0,1.0,1.0,1.0,0.0,0.0
soc10_8,0.0,1.0,1.0,1.0,1.0,1.0,0.0,0.0
soc10_9,0.0,1.0,1.0,1.0,1.0,1.0,0.0,1.0
soc11,0.0,1.0,1.0,1.0,1.0,1.0,1.0,1.0
soc12,0.0,0.0,1.0,0.0,0.0,0.0,0.0,0.0
soc13_1,0.0,0.0,1.0,0.0,0.0,0.0,0.0,0.0
soc13_10,0.0,0.0,1.0,0.0,0.0,0.0,0.0,0.0
soc13_10_other,0.0,0.0,1.0,0.0,0.0,0.0,0.0,0.0
soc13_2,0.0,0.0,1.0,0.0,0.0,0.0,0.0,0.0
soc13_3,0.0,0.0,1.0,0.0,0.0,0.0,0.0,0.0
soc13_4,0.0,0.0,1.0,0.0,0.0,0.0,0.0,0.0
soc13_5,0.0,0.0,1.0,0.0,0.0,0.0,0.0,0.0
soc13_6,0.0,0.0,1.0,0.0,0.0,0.0,0.0,0.0
soc13_7,0.0,0.0,1.0,0.0,0.0,0.0,0.0,0.0
soc13_8,0.0,0.0,1.0,0.0,0.0,0.0,0.0,0.0
soc13_9,0.0,0.0,1.0,0.0,0.0,0.0,0.0,0.0
soc1_1,1.0,1.0,1.0,1.0,1.0,1.0,1.0,0.0
soc1_2,1.0,1.0,1.0,1.0,1.0,1.0,1.0,0.0
soc1_3,1.0,1.0,1.0,1.0,1.0,1.0,1.0,0.0
soc1_4,1.0,1.0,1.0,1.0,1.0,1.0,1.0,0.0
soc1_5,1.0,1.0,1.0,1.0,1.0,1.0,1.0,0.0
soc1_6,1.0,1.0,1.0,1.0,1.0,1.0,1.0,0.0
soc2_1,1.0,1.0,1.0,1.0,1.0,1.0,0.0,0.0
soc2_2,1.0,1.0,1.0,1.0,1.0,1.0,0.0,0.0
soc2_3,1.0,1.0,1.0,1.0,1.0,1.0,0.0,0.0
soc2_4,1.0,1.0,1.0,1.0,1.0,1.0,0.0,0.0
soc3,1.0,1.0,1.0,1.0,1.0,1.0,1.0,0.0
soc4_1a,1.0,0.0,0.0,0.0,0.0,0.0,0.0,0.0
soc4_1b,1.0,0.0,0.0,0.0,0.0,0.0,0.0,0.0
soc4_1c,1.0,0.0,0.0,0.0,0.0,0.0,0.0,0.0
soc4_1d,1.0,0.0,0.0,0.0,0.0,0.0,0.0,0.0
soc4_2a,1.0,0.0,0.0,0.0,0.0,0.0,0.0,0.0
soc4_2b,1.0,0.0,0.0,0.0,0.0,0.0,0.0,0.0
soc4_2c,1.0,0.0,0.0,0.0,0.0,0.0,0.0,0.0
soc4_2d,1.0,0.0,0.0,0.0,0.0,0.0,0.0,0.0
soc4_3a,1.0,0.0,0.0,0.0,0.0,0.0,0.0,0.0
soc4_3b,1.0,0.0,0.0,0.0,0.0,0.0,0.0,0.0
soc4_3c,1.0,0.0,0.0,0.0,0.0,0.0,0.0,0.0
soc4_3d,1.0,0.0,0.0,0.0,0.0,0.0,0.0,0.0
soc4a_1a,0.0,1.0,1.0,1.0,1.0,1.0,0.0,0.0
soc4a_1b,0.0,1.0,1.0,1.0,1.0,1.0,0.0,0.0
soc4a_1c,0.0,1.0,1.0,1.0,1.0,1.0,0.0,0.0
soc4a_1d,0.0,1.0,1.0,1.0,1.0,1.0,0.0,0.0
soc4a_3a,0.0,1.0,1.0,1.0,1.0,1.0,0.0,0.0
soc4a_3b,0.0,1.0,1.0,1.0,1.0,1.0,0.0,0.0
soc4a_3c,0.0,1.0,1.0,1.0,1.0,1.0,0.0,0.0
soc4a_3d,0.0,1.0,1.0,1.0,1.0,1.0,0.0,0.0
soc4a_4a,0.0,1.0,1.0,1.0,1.0,1.0,0.0,1.0
soc4a_4b,0.0,1.0,1.0,1.0,1.0,1.0,0.0,1.0
soc4a_4c,0.0,1.0,1.0,1.0,1.0,1.0,0.0,0.0
soc4a_4d,0.0,1.0,1.0,1.0,1.0,1.0,0.0,0.0
soc5_1,1.0,1.0,1.0,1.0,1.0,1.0,1.0,0.0
soc5_10,1.0,0.0,0.0,0.0,0.0,0.0,0.0,0.0
soc5_11,1.0,0.0,0.0,0.0,0.0,0.0,0.0,0.0
soc5_12,1.0,1.0,1.0,1.0,1.0,1.0,1.0,0.0
soc5_13,1.0,1.0,1.0,1.0,1.0,1.0,1.0,0.0
soc5_2,1.0,1.0,1.0,1.0,1.0,1.0,1.0,0.0
soc5_3,1.0,1.0,1.0,1.0,1.0,1.0,1.0,0.0
soc5_4,1.0,1.0,1.0,1.0,1.0,1.0,1.0,0.0
soc5_5,1.0,1.0,1.0,1.0,1.0,1.0,1.0,0.0
soc5_6,1.0,1.0,1.0,1.0,1.0,1.0,1.0,0.0
soc5_7,1.0,1.0,1.0,1.0,1.0,1.0,1.0,0.0
soc5_8,1.0,1.0,1.0,1.0,1.0,1.0,1.0,0.0
soc5_9,1.0,1.0,1.0,1.0,1.0,1.0,1.0,0.0
soc6_1,1.0,1.0,1.0,1.0,1.0,1.0,0.0,1.0
soc6_10,1.0,1.0,1.0,1.0,1.0,1.0,0.0,0.0
soc6_11,1.0,1.0,1.0,1.0,1.0,1.0,0.0,0.0
soc6_14,0.0,0.0,0.0,0.0,0.0,0.0,1.0,1.0
soc6_2,1.0,1.0,1.0,1.0,1.0,1.0,0.0,1.0
soc6_3,1.0,1.0,1.0,1.0,1.0,1.0,1.0,1.0
soc6_4,1.0,1.0,1.0,1.0,1.0,1.0,1.0,1.0
soc6_5,1.0,1.0,1.0,1.0,1.0,1.0,0.0,0.0
soc6_6,1.0,1.0,1.0,1.0,1.0,1.0,1.0,1.0
soc6_7,1.0,1.0,1.0,1.0,1.0,1.0,0.0,0.0
soc6_8,1.0,1.0,1.0,1.0,1.0,1.0,0.0,0.0
soc6_9,1.0,1.0,1.0,1.0,1.0,1.0,0.0,0.0
soc7_1,1.0,1.0,1.0,1.0,1.0,1.0,0.0,1.0
soc7_10,1.0,1.0,1.0,1.0,1.0,1.0,0.0,0.0
soc7_11,1.0,1.0,1.0,1.0,1.0,1.0,0.0,0.0
soc7_12,1.0,1.0,1.0,1.0,1.0,1.0,1.0,1.0
soc7_12_other,1.0,1.0,1.0,1.0,1.0,1.0,1.0,1.0
soc7_13,1.0,1.0,1.0,1.0,1.0,1.0,1.0,1.0
soc7_14,0.0,0.0,0.0,0.0,0.0,0.0,1.0,1.0
soc7_2,1.0,1.0,1.0,1.0,1.0,1.0,0.0,1.0
soc7_3,1.0,1.0,1.0,1.0,1.0,1.0,1.0,1.0
soc7_4,1.0,1.0,1.0,1.0,1.0,1.0,1.0,1.0
soc7_5,1.0,1.0,1.0,1.0,1.0,1.0,0.0,0.0
soc7_6,1.0,1.0,1.0,1.0,1.0,1.0,1.0,1.0
soc7_7,1.0,1.0,1.0,1.0,1.0,1.0,0.0,0.0
soc7_8,1.0,1.0,1.0,1.0,1.0,1.0,0.0,0.0
soc7_9,1.0,1.0,1.0,1.0,1.0,1.0,0.0,0.0
soc8_1,1.0,0.0,0.0,0.0,0.0,0.0,0.0,0.0
soc8_10,1.0,0.0,0.0,0.0,0.0,0.0,0.0,0.0
soc8_11,1.0,0.0,0.0,0.0,0.0,0.0,0.0,0.0
soc8_12,1.0,0.0,0.0,0.0,0.0,0.0,0.0,0.0
soc8_13,1.0,0.0,0.0,0.0,0.0,0.0,0.0,0.0
soc8_14,1.0,0.0,0.0,0.0,0.0,0.0,0.0,0.0
soc8_2,1.0,0.0,0.0,0.0,0.0,0.0,0.0,0.0
soc8_3,1.0,0.0,0.0,0.0,0.0,0.0,0.0,0.0
soc8_4,1.0,0.0,0.0,0.0,0.0,0.0,0.0,0.0
soc8_5,1.0,0.0,0.0,0.0,0.0,0.0,0.0,0.0
soc8_6,1.0,0.0,0.0,0.0,0.0,0.0,0.0,0.0
soc8_7,1.0,0.0,0.0,0.0,0.0,0.0,0.0,0.0
soc8_8,1.0,0.0,0.0,0.0,0.0,0.0,0.0,0.0
soc8_9,1.0,0.0,0.0,0.0,0.0,0.0,0.0,0.0
soc8a1_1,0.0,1.0,1.0,1.0,0.0,0.0,0.0,0.0
soc8a1_10,0.0,1.0,1.0,1.0,0.0,0.0,0.0,0.0
soc8a1_11,0.0,1.0,1.0,1.0,0.0,0.0,0.0,0.0
soc8a1_12,0.0,1.0,1.0,1.0,0.0,0.0,0.0,0.0
soc8a1_13,0.0,1.0,1.0,1.0,0.0,0.0,0.0,0.0
soc8a1_14,0.0,1.0,1.0,1.0,0.0,0.0,0.0,0.0
soc8a1_15,0.0,0.0,0.0,1.0,0.0,0.0,0.0,0.0
soc8a1_2,0.0,1.0,1.0,1.0,0.0,0.0,0.0,0.0
soc8a1_3,0.0,1.0,1.0,1.0,0.0,0.0,0.0,0.0
soc8a1_4,0.0,1.0,1.0,1.0,0.0,0.0,0.0,0.0
soc8a1_5,0.0,1.0,1.0,1.0,0.0,0.0,0.0,0.0
soc8a1_6,0.0,1.0,1.0,1.0,0.0,0.0,0.0,0.0
soc8a1_7,0.0,1.0,1.0,1.0,0.0,0.0,0.0,0.0
soc8a1_8,0.0,1.0,1.0,1.0,0.0,0.0,0.0,0.0
soc8a1_9,0.0,1.0,1.0,1.0,0.0,0.0,0.0,0.0
soc8a2_1,0.0,1.0,1.0,1.0,0.0,0.0,0.0,0.0
soc8a2_10,0.0,1.0,1.0,1.0,0.0,0.0,0.0,0.0
soc8a2_11,0.0,1.0,1.0,1.0,0.0,0.0,0.0,0.0
soc8a2_12,0.0,1.0,1.0,1.0,0.0,0.0,0.0,0.0
soc8a2_13,0.0,1.0,1.0,1.0,0.0,0.0,0.0,0.0
soc8a2_14,0.0,1.0,1.0,1.0,0.0,0.0,0.0,0.0
soc8a2_15,0.0,0.0,0.0,1.0,0.0,0.0,0.0,0.0
soc8a2_2,0.0,1.0,1.0,1.0,0.0,0.0,0.0,0.0
soc8a2_3,0.0,1.0,1.0,1.0,0.0,0.0,0.0,0.0
soc8a2_4,0.0,1.0,1.0,1.0,0.0,0.0,0.0,0.0
soc8a2_5,0.0,1.0,1.0,1.0,0.0,0.0,0.0,0.0
soc8a2_6,0.0,1.0,1.0,1.0,0.0,0.0,0.0,0.0
soc8a2_7,0.0,1.0,1.0,1.0,0.0,0.0,0.0,0.0
soc8a2_8,0.0,1.0,1.0,1.0,0.0,0.0,0.0,0.0
soc8a2_9,0.0,1.0,1.0,1.0,0.0,0.0,0.0,0.0
soc8b_1,0.0,1.0,1.0,1.0,0.0,0.0,0.0,0.0
soc8b_10,0.0,1.0,1.0,1.0,0.0,0.0,0.0,0.0
soc8b_11,0.0,1.0,1.0,1.0,0.0,0.0,0.0,0.0
soc8b_12,0.0,1.0,1.0,1.0,0.0,0.0,0.0,0.0
soc8b_13,0.0,1.0,1.0,1.0,0.0,0.0,0.0,0.0
soc8b_14,0.0,1.0,1.0,1.0,0.0,0.0,0.0,0.0
soc8b_15,0.0,0.0,0.0,1.0,0.0,0.0,0.0,0.0
soc8b_2,0.0,1.0,1.0,1.0,0.0,0.0,0.0,0.0
soc8b_3,0.0,1.0,1.0,1.0,0.0,0.0,0.0,0.0
soc8b_4,0.0,1.0,1.0,1.0,0.0,0.0,0.0,0.0
soc8b_5,0.0,1.0,1.0,1.0,0.0,0.0,0.0,0.0
soc8b_6,0.0,1.0,1.0,1.0,0.0,0.0,0.0,0.0
soc8b_7,0.0,1.0,1.0,1.0,0.0,0.0,0.0,0.0
soc8b_8,0.0,1.0,1.0,1.0,0.0,0.0,0.0,0.0
soc8b_9,0.0,1.0,1.0,1.0,0.0,0.0,0.0,0.0
soc9_1,1.0,0.0,0.0,0.0,0.0,0.0,0.0,0.0
soc9_2,1.0,0.0,0.0,0.0,0.0,0.0,0.0,0.0
soc9_3,1.0,0.0,0.0,0.0,0.0,0.0,0.0,0.0
soc9_4,1.0,0.0,0.0,0.0,0.0,0.0,0.0,0.0
soc9_5,1.0,0.0,0.0,0.0,0.0,0.0,0.0,0.0
soc9_6,1.0,0.0,0.0,0.0,0.0,0.0,0.0,0.0
votations_june2021_1,0.0,0.0,0.0,0.0,0.0,1.0,0.0,0.0
votations_june2021_2,0.0,0.0,0.0,0.0,0.0,1.0,0.0,0.0
votations_june2021_3,0.0,0.0,0.0,0.0,0.0,1.0,0.0,0.0
votations_june2021a_1,0.0,0.0,0.0,0.0,0.0,1.0,0.0,0.0
votations_june2021a_2,0.0,0.0,0.0,0.0,0.0,1.0,0.0,0.0
votations_june2021a_3,0.0,0.0,0.0,0.0,0.0,1.0,0.0,0.0
